id,model_type,model_id,uuid,collection_name,name,file_name,mime_type,disk,conversions_disk,size,manipulations,custom_properties,generated_conversions,responsive_images,order_column,created_at,updated_at
1,App\Models\Achievement,1,274a3e70-2cd8-403e-b692-091b0d089b4f,illustration,porto_chassis_01,porto_chassis_01.jpg,image/jpeg,media,media,511406,[],[],[],"{""media_library_original"":{""urls"":[""porto_chassis_01___media_library_original_1125_1500.jpg"",""porto_chassis_01___media_library_original_941_1255.jpg"",""porto_chassis_01___media_library_original_787_1049.jpg"",""porto_chassis_01___media_library_original_658_877.jpg"",""porto_chassis_01___media_library_original_551_735.jpg"",""porto_chassis_01___media_library_original_461_615.jpg"",""porto_chassis_01___media_library_original_385_513.jpg"",""porto_chassis_01___media_library_original_322_429.jpg"",""porto_chassis_01___media_library_original_270_360.jpg"",""porto_chassis_01___media_library_original_225_300.jpg"",""porto_chassis_01___media_library_original_189_252.jpg""],""base64svg"":""data:image\/svg+xml;base64,PCFET0NUWVBFIHN2ZyBQVUJMSUMgIi0vL1czQy8vRFREIFNWRyAxLjEvL0VOIiAiaHR0cDovL3d3dy53My5vcmcvR3JhcGhpY3MvU1ZHLzEuMS9EVEQvc3ZnMTEuZHRkIj4KPHN2ZyB2ZXJzaW9uPSIxLjEiIHhtbG5zPSJodHRwOi8vd3d3LnczLm9yZy8yMDAwL3N2ZyIgeG1sbnM6eGxpbms9Imh0dHA6Ly93d3cudzMub3JnLzE5OTkveGxpbmsiIHhtbDpzcGFjZT0icHJlc2VydmUiIHg9IjAiCiB5PSIwIiB2aWV3Qm94PSIwIDAgMTEyNSAxNTAwIj4KCTxpbWFnZSB3aWR0aD0iMTEyNSIgaGVpZ2h0PSIxNTAwIiB4bGluazpocmVmPSJkYXRhOmltYWdlL2pwZWc7YmFzZTY0LC85ai80QUFRU2taSlJnQUJBUUVBWUFCZ0FBRC8vZ0ErUTFKRlFWUlBVam9nWjJRdGFuQmxaeUIyTVM0d0lDaDFjMmx1WnlCSlNrY2dTbEJGUnlCMk9EQXBMQ0JrWldaaGRXeDBJSEYxWVd4cGRIa0svOXNBUXdBSUJnWUhCZ1VJQndjSENRa0lDZ3dVRFF3TEN3d1pFaE1QRkIwYUh4NGRHaHdjSUNRdUp5QWlMQ01jSENnM0tTd3dNVFEwTkI4bk9UMDRNand1TXpReS85c0FRd0VKQ1FrTUN3d1lEUTBZTWlFY0lUSXlNakl5TWpJeU1qSXlNakl5TWpJeU1qSXlNakl5TWpJeU1qSXlNakl5TWpJeU1qSXlNakl5TWpJeU1qSXlNakl5LzhBQUVRZ0FLd0FnQXdFaUFBSVJBUU1SQWYvRUFCOEFBQUVGQVFFQkFRRUJBQUFBQUFBQUFBQUJBZ01FQlFZSENBa0tDLy9FQUxVUUFBSUJBd01DQkFNRkJRUUVBQUFCZlFFQ0F3QUVFUVVTSVRGQkJoTlJZUWNpY1JReWdaR2hDQ05Dc2NFVlV0SHdKRE5pY29JSkNoWVhHQmthSlNZbktDa3FORFUyTnpnNU9rTkVSVVpIU0VsS1UxUlZWbGRZV1ZwalpHVm1aMmhwYW5OMGRYWjNlSGw2ZzRTRmhvZUlpWXFTazVTVmxwZVltWnFpbzZTbHBxZW9xYXF5czdTMXRyZTR1YnJDdzhURnhzZkl5Y3JTMDlUVjF0ZlkyZHJoNHVQazVlYm42T25xOGZMejlQWDI5L2o1K3YvRUFCOEJBQU1CQVFFQkFRRUJBUUVBQUFBQUFBQUJBZ01FQlFZSENBa0tDLy9FQUxVUkFBSUJBZ1FFQXdRSEJRUUVBQUVDZHdBQkFnTVJCQVVoTVFZU1FWRUhZWEVUSWpLQkNCUkNrYUd4d1Frak0xTHdGV0p5MFFvV0pEVGhKZkVYR0JrYUppY29LU28xTmpjNE9UcERSRVZHUjBoSlNsTlVWVlpYV0ZsYVkyUmxabWRvYVdwemRIVjJkM2g1ZW9LRGhJV0doNGlKaXBLVGxKV1dsNWlabXFLanBLV21wNmlwcXJLenRMVzJ0N2k1dXNMRHhNWEd4OGpKeXRMVDFOWFcxOWpaMnVMajVPWG01K2pwNnZMejlQWDI5L2o1K3YvYUFBd0RBUUFDRVFNUkFEOEF5RThNeGRTTVZML3dqOEkrWGFhcmFGcXQxZnJHem52elhvVDI2MjFsSEtJOXpOMTRyblVHM1kzY3JLNXc2K0dJWDdZcVZmQzBDclhYWDFzeDAvem9rMnVSMHJ6VFhkYjFIVHAvS0RFVW5CN0FwSnE1ZDBjeFFTTEhHTVlOZXlhTWtkMVpScklvWVk3MTRmcEVNcHVrTDhjMTdqb0NoYkdNajBxNFg2bVRidHFWZkVxcGJXbzJBQUN2TUo3YTMxZlVTSlVCeDNyMHJ4ZzJiRTE1dnBpU0MrTzMxcFRidm9OYkJHZ0NJNkxoaWE2eTIxMjZzTE9ORkFQRmNqRVQ5blRtcmtqc1ZYNWpXazUyZXhFVTdHL3FlcVRhbFpoV3dEVkxTTGVQelBtd0c5YW9STzNxYWNKSFVuYXhGVEdlNDVMWS85az0iPgoJPC9pbWFnZT4KPC9zdmc+""}}",1,2024-05-30 20:40:36,2024-05-30 20:40:37
2,App\Models\Achievement,2,42cc7203-0900-4f7f-9cdb-1b351b89bbef,illustration,porto_chassis_0,porto_chassis_0.jpg,image/jpeg,media,media,503633,[],[],[],"{""media_library_original"":{""urls"":[""porto_chassis_0___media_library_original_1071_1500.jpg"",""porto_chassis_0___media_library_original_896_1255.jpg"",""porto_chassis_0___media_library_original_749_1049.jpg"",""porto_chassis_0___media_library_original_627_878.jpg"",""porto_chassis_0___media_library_original_524_734.jpg"",""porto_chassis_0___media_library_original_439_615.jpg"",""porto_chassis_0___media_library_original_367_514.jpg"",""porto_chassis_0___media_library_original_307_430.jpg"",""porto_chassis_0___media_library_original_257_360.jpg"",""porto_chassis_0___media_library_original_215_301.jpg"",""porto_chassis_0___media_library_original_180_252.jpg""],""base64svg"":""data:image\/svg+xml;base64,PCFET0NUWVBFIHN2ZyBQVUJMSUMgIi0vL1czQy8vRFREIFNWRyAxLjEvL0VOIiAiaHR0cDovL3d3dy53My5vcmcvR3JhcGhpY3MvU1ZHLzEuMS9EVEQvc3ZnMTEuZHRkIj4KPHN2ZyB2ZXJzaW9uPSIxLjEiIHhtbG5zPSJodHRwOi8vd3d3LnczLm9yZy8yMDAwL3N2ZyIgeG1sbnM6eGxpbms9Imh0dHA6Ly93d3cudzMub3JnLzE5OTkveGxpbmsiIHhtbDpzcGFjZT0icHJlc2VydmUiIHg9IjAiCiB5PSIwIiB2aWV3Qm94PSIwIDAgMTA3MSAxNTAwIj4KCTxpbWFnZSB3aWR0aD0iMTA3MSIgaGVpZ2h0PSIxNTAwIiB4bGluazpocmVmPSJkYXRhOmltYWdlL2pwZWc7YmFzZTY0LC85ai80QUFRU2taSlJnQUJBUUVBWUFCZ0FBRC8vZ0ErUTFKRlFWUlBVam9nWjJRdGFuQmxaeUIyTVM0d0lDaDFjMmx1WnlCSlNrY2dTbEJGUnlCMk9EQXBMQ0JrWldaaGRXeDBJSEYxWVd4cGRIa0svOXNBUXdBSUJnWUhCZ1VJQndjSENRa0lDZ3dVRFF3TEN3d1pFaE1QRkIwYUh4NGRHaHdjSUNRdUp5QWlMQ01jSENnM0tTd3dNVFEwTkI4bk9UMDRNand1TXpReS85c0FRd0VKQ1FrTUN3d1lEUTBZTWlFY0lUSXlNakl5TWpJeU1qSXlNakl5TWpJeU1qSXlNakl5TWpJeU1qSXlNakl5TWpJeU1qSXlNakl5TWpJeU1qSXlNakl5LzhBQUVRZ0FMUUFnQXdFaUFBSVJBUU1SQWYvRUFCOEFBQUVGQVFFQkFRRUJBQUFBQUFBQUFBQUJBZ01FQlFZSENBa0tDLy9FQUxVUUFBSUJBd01DQkFNRkJRUUVBQUFCZlFFQ0F3QUVFUVVTSVRGQkJoTlJZUWNpY1JReWdaR2hDQ05Dc2NFVlV0SHdKRE5pY29JSkNoWVhHQmthSlNZbktDa3FORFUyTnpnNU9rTkVSVVpIU0VsS1UxUlZWbGRZV1ZwalpHVm1aMmhwYW5OMGRYWjNlSGw2ZzRTRmhvZUlpWXFTazVTVmxwZVltWnFpbzZTbHBxZW9xYXF5czdTMXRyZTR1YnJDdzhURnhzZkl5Y3JTMDlUVjF0ZlkyZHJoNHVQazVlYm42T25xOGZMejlQWDI5L2o1K3YvRUFCOEJBQU1CQVFFQkFRRUJBUUVBQUFBQUFBQUJBZ01FQlFZSENBa0tDLy9FQUxVUkFBSUJBZ1FFQXdRSEJRUUVBQUVDZHdBQkFnTVJCQVVoTVFZU1FWRUhZWEVUSWpLQkNCUkNrYUd4d1Frak0xTHdGV0p5MFFvV0pEVGhKZkVYR0JrYUppY29LU28xTmpjNE9UcERSRVZHUjBoSlNsTlVWVlpYV0ZsYVkyUmxabWRvYVdwemRIVjJkM2g1ZW9LRGhJV0doNGlKaXBLVGxKV1dsNWlabXFLanBLV21wNmlwcXJLenRMVzJ0N2k1dXNMRHhNWEd4OGpKeXRMVDFOWFcxOWpaMnVMajVPWG01K2pwNnZMejlQWDI5L2o1K3YvYUFBd0RBUUFDRVFNUkFEOEE2NlF0TTZvZ3FaN3V5c0FCSzJYN2luSVJEYlNTQWNnVnljaE0wenZJYzgxTk9sY2RTcnk2SFdwZFd1b0xpRnNONlZSa3RuU1VoamlzVzFrTUZ5akljYzEwV3FQdWhqa3pqSW9xVTdEcFZlYlFGeTFqTG4wcmsyZjczMXJweEtCWXlxRHppdU1hYjUzR2U5YjBsb2M5WjZsK0Z2M2lmV3VoMUJmTnQ0a0o0eFhLVzh1Wm94blBOZEpmU3lKQkdRTzFGVmFEb2JqbFZWc0pUbm5GY0k4dzg1d1QzcnJGbFpvbVRQQkZZaytsdzcyYkp5YTBveHZHNU5aNmxXem1IMnFNQTk2N0crZkVFWkF6eFhLVzlqSEhNR0JPUWEyWmJxUXFxazhDbldqWkNvdlUvOWs9Ij4KCTwvaW1hZ2U+Cjwvc3ZnPg==""}}",1,2024-05-30 20:40:37,2024-05-30 20:40:37
3,App\Models\Achievement,3,cae18696-7bb5-4775-a693-115f6b9e0ce5,illustration,porto_chassis_3,porto_chassis_3.jpg,image/jpeg,media,media,508786,[],[],[],"{""media_library_original"":{""urls"":[""porto_chassis_3___media_library_original_1071_1500.jpg"",""porto_chassis_3___media_library_original_896_1255.jpg"",""porto_chassis_3___media_library_original_749_1049.jpg"",""porto_chassis_3___media_library_original_627_878.jpg"",""porto_chassis_3___media_library_original_524_734.jpg"",""porto_chassis_3___media_library_original_439_615.jpg"",""porto_chassis_3___media_library_original_367_514.jpg"",""porto_chassis_3___media_library_original_307_430.jpg"",""porto_chassis_3___media_library_original_257_360.jpg"",""porto_chassis_3___media_library_original_215_301.jpg"",""porto_chassis_3___media_library_original_180_252.jpg""],""base64svg"":""data:image\/svg+xml;base64,PCFET0NUWVBFIHN2ZyBQVUJMSUMgIi0vL1czQy8vRFREIFNWRyAxLjEvL0VOIiAiaHR0cDovL3d3dy53My5vcmcvR3JhcGhpY3MvU1ZHLzEuMS9EVEQvc3ZnMTEuZHRkIj4KPHN2ZyB2ZXJzaW9uPSIxLjEiIHhtbG5zPSJodHRwOi8vd3d3LnczLm9yZy8yMDAwL3N2ZyIgeG1sbnM6eGxpbms9Imh0dHA6Ly93d3cudzMub3JnLzE5OTkveGxpbmsiIHhtbDpzcGFjZT0icHJlc2VydmUiIHg9IjAiCiB5PSIwIiB2aWV3Qm94PSIwIDAgMTA3MSAxNTAwIj4KCTxpbWFnZSB3aWR0aD0iMTA3MSIgaGVpZ2h0PSIxNTAwIiB4bGluazpocmVmPSJkYXRhOmltYWdlL2pwZWc7YmFzZTY0LC85ai80QUFRU2taSlJnQUJBUUVBWUFCZ0FBRC8vZ0ErUTFKRlFWUlBVam9nWjJRdGFuQmxaeUIyTVM0d0lDaDFjMmx1WnlCSlNrY2dTbEJGUnlCMk9EQXBMQ0JrWldaaGRXeDBJSEYxWVd4cGRIa0svOXNBUXdBSUJnWUhCZ1VJQndjSENRa0lDZ3dVRFF3TEN3d1pFaE1QRkIwYUh4NGRHaHdjSUNRdUp5QWlMQ01jSENnM0tTd3dNVFEwTkI4bk9UMDRNand1TXpReS85c0FRd0VKQ1FrTUN3d1lEUTBZTWlFY0lUSXlNakl5TWpJeU1qSXlNakl5TWpJeU1qSXlNakl5TWpJeU1qSXlNakl5TWpJeU1qSXlNakl5TWpJeU1qSXlNakl5LzhBQUVRZ0FMUUFnQXdFaUFBSVJBUU1SQWYvRUFCOEFBQUVGQVFFQkFRRUJBQUFBQUFBQUFBQUJBZ01FQlFZSENBa0tDLy9FQUxVUUFBSUJBd01DQkFNRkJRUUVBQUFCZlFFQ0F3QUVFUVVTSVRGQkJoTlJZUWNpY1JReWdaR2hDQ05Dc2NFVlV0SHdKRE5pY29JSkNoWVhHQmthSlNZbktDa3FORFUyTnpnNU9rTkVSVVpIU0VsS1UxUlZWbGRZV1ZwalpHVm1aMmhwYW5OMGRYWjNlSGw2ZzRTRmhvZUlpWXFTazVTVmxwZVltWnFpbzZTbHBxZW9xYXF5czdTMXRyZTR1YnJDdzhURnhzZkl5Y3JTMDlUVjF0ZlkyZHJoNHVQazVlYm42T25xOGZMejlQWDI5L2o1K3YvRUFCOEJBQU1CQVFFQkFRRUJBUUVBQUFBQUFBQUJBZ01FQlFZSENBa0tDLy9FQUxVUkFBSUJBZ1FFQXdRSEJRUUVBQUVDZHdBQkFnTVJCQVVoTVFZU1FWRUhZWEVUSWpLQkNCUkNrYUd4d1Frak0xTHdGV0p5MFFvV0pEVGhKZkVYR0JrYUppY29LU28xTmpjNE9UcERSRVZHUjBoSlNsTlVWVlpYV0ZsYVkyUmxabWRvYVdwemRIVjJkM2g1ZW9LRGhJV0doNGlKaXBLVGxKV1dsNWlabXFLanBLV21wNmlwcXJLenRMVzJ0N2k1dXNMRHhNWEd4OGpKeXRMVDFOWFcxOWpaMnVMajVPWG01K2pwNnZMejlQWDI5L2o1K3YvYUFBd0RBUUFDRVFNUkFEOEE0ZnlRQmsxR1dRTmpjTTFUMVhVdGdLUThuMXJuek5kdSs3SnpYdTFjWkNEc3RUejRVSlNWMmRVenhyMVlVejdURG5HOFpybDIrMXYxWnFXR09aSlF6azRySCswRTNaSTArcXUycDBuOWxqY29QSk5XMzBWWUkxWmdPYXhQN1J1RmtERnVsV1RyVTl3eW83Y1Y0YmpQdWVqR1VWME5pMDBOYnFVYlJ4Vlh4RnBVZGdBcVl6V3pZM3FXMW9KQTJHeFhMNnZxalh0MmR6WkFxWWN6WTV1TmlrMGVEZzB0dmJxWmdTYXNUQUhtbXJ3TWltcFhSbll1WGtwaHRzWjR4WFBTRWxpYTBMdDJaTUU5S3p6VGpvRDFQLy9aIj4KCTwvaW1hZ2U+Cjwvc3ZnPg==""}}",1,2024-05-30 20:40:37,2024-05-30 20:40:38
4,App\Models\Achievement,4,3b9db1a0-dc50-4d97-8b55-0db4aa899fd9,illustration,porto_moustiquaire_1,porto_moustiquaire_1.jpg,image/jpeg,media,media,497580,[],[],[],"{""media_library_original"":{""urls"":[""porto_moustiquaire_1___media_library_original_1071_1500.jpg"",""porto_moustiquaire_1___media_library_original_896_1255.jpg"",""porto_moustiquaire_1___media_library_original_749_1049.jpg"",""porto_moustiquaire_1___media_library_original_627_878.jpg"",""porto_moustiquaire_1___media_library_original_524_734.jpg"",""porto_moustiquaire_1___media_library_original_439_615.jpg"",""porto_moustiquaire_1___media_library_original_367_514.jpg"",""porto_moustiquaire_1___media_library_original_307_430.jpg"",""porto_moustiquaire_1___media_library_original_257_360.jpg"",""porto_moustiquaire_1___media_library_original_215_301.jpg"",""porto_moustiquaire_1___media_library_original_180_252.jpg""],""base64svg"":""data:image\/svg+xml;base64,PCFET0NUWVBFIHN2ZyBQVUJMSUMgIi0vL1czQy8vRFREIFNWRyAxLjEvL0VOIiAiaHR0cDovL3d3dy53My5vcmcvR3JhcGhpY3MvU1ZHLzEuMS9EVEQvc3ZnMTEuZHRkIj4KPHN2ZyB2ZXJzaW9uPSIxLjEiIHhtbG5zPSJodHRwOi8vd3d3LnczLm9yZy8yMDAwL3N2ZyIgeG1sbnM6eGxpbms9Imh0dHA6Ly93d3cudzMub3JnLzE5OTkveGxpbmsiIHhtbDpzcGFjZT0icHJlc2VydmUiIHg9IjAiCiB5PSIwIiB2aWV3Qm94PSIwIDAgMTA3MSAxNTAwIj4KCTxpbWFnZSB3aWR0aD0iMTA3MSIgaGVpZ2h0PSIxNTAwIiB4bGluazpocmVmPSJkYXRhOmltYWdlL2pwZWc7YmFzZTY0LC85ai80QUFRU2taSlJnQUJBUUVBWUFCZ0FBRC8vZ0ErUTFKRlFWUlBVam9nWjJRdGFuQmxaeUIyTVM0d0lDaDFjMmx1WnlCSlNrY2dTbEJGUnlCMk9EQXBMQ0JrWldaaGRXeDBJSEYxWVd4cGRIa0svOXNBUXdBSUJnWUhCZ1VJQndjSENRa0lDZ3dVRFF3TEN3d1pFaE1QRkIwYUh4NGRHaHdjSUNRdUp5QWlMQ01jSENnM0tTd3dNVFEwTkI4bk9UMDRNand1TXpReS85c0FRd0VKQ1FrTUN3d1lEUTBZTWlFY0lUSXlNakl5TWpJeU1qSXlNakl5TWpJeU1qSXlNakl5TWpJeU1qSXlNakl5TWpJeU1qSXlNakl5TWpJeU1qSXlNakl5LzhBQUVRZ0FMUUFnQXdFaUFBSVJBUU1SQWYvRUFCOEFBQUVGQVFFQkFRRUJBQUFBQUFBQUFBQUJBZ01FQlFZSENBa0tDLy9FQUxVUUFBSUJBd01DQkFNRkJRUUVBQUFCZlFFQ0F3QUVFUVVTSVRGQkJoTlJZUWNpY1JReWdaR2hDQ05Dc2NFVlV0SHdKRE5pY29JSkNoWVhHQmthSlNZbktDa3FORFUyTnpnNU9rTkVSVVpIU0VsS1UxUlZWbGRZV1ZwalpHVm1aMmhwYW5OMGRYWjNlSGw2ZzRTRmhvZUlpWXFTazVTVmxwZVltWnFpbzZTbHBxZW9xYXF5czdTMXRyZTR1YnJDdzhURnhzZkl5Y3JTMDlUVjF0ZlkyZHJoNHVQazVlYm42T25xOGZMejlQWDI5L2o1K3YvRUFCOEJBQU1CQVFFQkFRRUJBUUVBQUFBQUFBQUJBZ01FQlFZSENBa0tDLy9FQUxVUkFBSUJBZ1FFQXdRSEJRUUVBQUVDZHdBQkFnTVJCQVVoTVFZU1FWRUhZWEVUSWpLQkNCUkNrYUd4d1Frak0xTHdGV0p5MFFvV0pEVGhKZkVYR0JrYUppY29LU28xTmpjNE9UcERSRVZHUjBoSlNsTlVWVlpYV0ZsYVkyUmxabWRvYVdwemRIVjJkM2g1ZW9LRGhJV0doNGlKaXBLVGxKV1dsNWlabXFLanBLV21wNmlwcXJLenRMVzJ0N2k1dXNMRHhNWEd4OGpKeXRMVDFOWFcxOWpaMnVMajVPWG01K2pwNnZMejlQWDI5L2o1K3YvYUFBd0RBUUFDRVFNUkFEOEF3UGhwZFlTYTNicml1cjFiWEV0N1ZyYkh6VndmaFJ6cC9pSHl6d0c0cnFOWXRSTGVNZldzMUc4aXpEaW1rdUp5UU9LbXVmbFFiUmxxME5KdG9EY21LWGdudld2Y2VHQ1c4eU44cWFwd3RzSkk0ZlVJSk5POFFRU1l4OHd6WGFYUURxa3VNN2xxdjQ1MDFUT2s4SXlNNXlLMDlNTUZ6cFVRZGwzZ2Q2bm10cU5HQThaV1h6RnlDSzNyTFdmOUdNY3A1Rk1rZ2dhVGFwQk5RUzZmbm9wRlY3VHVnUS9VNGJtOHMwaFg1bUZZQnNiNjI0eTY0cXg0TTFlNXZ0VlZaMjNEMHIxVzUwMjFsZ0xORU00OUtnUjQ4OTFlV3Z6Z01TS25nOFd6SU1UUTFxWDdLTlNlRUl1MFZTdWJDQmwzYmNHcmNXMWNsTkpuLzlrPSI+Cgk8L2ltYWdlPgo8L3N2Zz4=""}}",1,2024-05-30 20:40:38,2024-05-30 20:40:39
5,App\Models\Achievement,5,7c61b83e-ae7a-4736-9416-c7484e4b8652,illustration,porto_chassis_1,porto_chassis_1.jpg,image/jpeg,media,media,485056,[],[],[],"{""media_library_original"":{""urls"":[""porto_chassis_1___media_library_original_1000_1333.jpg"",""porto_chassis_1___media_library_original_836_1114.jpg"",""porto_chassis_1___media_library_original_700_933.jpg"",""porto_chassis_1___media_library_original_585_780.jpg"",""porto_chassis_1___media_library_original_489_652.jpg"",""porto_chassis_1___media_library_original_409_545.jpg"",""porto_chassis_1___media_library_original_342_456.jpg"",""porto_chassis_1___media_library_original_286_381.jpg"",""porto_chassis_1___media_library_original_240_320.jpg"",""porto_chassis_1___media_library_original_200_267.jpg"",""porto_chassis_1___media_library_original_168_224.jpg""],""base64svg"":""data:image\/svg+xml;base64,PCFET0NUWVBFIHN2ZyBQVUJMSUMgIi0vL1czQy8vRFREIFNWRyAxLjEvL0VOIiAiaHR0cDovL3d3dy53My5vcmcvR3JhcGhpY3MvU1ZHLzEuMS9EVEQvc3ZnMTEuZHRkIj4KPHN2ZyB2ZXJzaW9uPSIxLjEiIHhtbG5zPSJodHRwOi8vd3d3LnczLm9yZy8yMDAwL3N2ZyIgeG1sbnM6eGxpbms9Imh0dHA6Ly93d3cudzMub3JnLzE5OTkveGxpbmsiIHhtbDpzcGFjZT0icHJlc2VydmUiIHg9IjAiCiB5PSIwIiB2aWV3Qm94PSIwIDAgMTAwMCAxMzMzIj4KCTxpbWFnZSB3aWR0aD0iMTAwMCIgaGVpZ2h0PSIxMzMzIiB4bGluazpocmVmPSJkYXRhOmltYWdlL2pwZWc7YmFzZTY0LC85ai80QUFRU2taSlJnQUJBUUVBWUFCZ0FBRC8vZ0ErUTFKRlFWUlBVam9nWjJRdGFuQmxaeUIyTVM0d0lDaDFjMmx1WnlCSlNrY2dTbEJGUnlCMk9EQXBMQ0JrWldaaGRXeDBJSEYxWVd4cGRIa0svOXNBUXdBSUJnWUhCZ1VJQndjSENRa0lDZ3dVRFF3TEN3d1pFaE1QRkIwYUh4NGRHaHdjSUNRdUp5QWlMQ01jSENnM0tTd3dNVFEwTkI4bk9UMDRNand1TXpReS85c0FRd0VKQ1FrTUN3d1lEUTBZTWlFY0lUSXlNakl5TWpJeU1qSXlNakl5TWpJeU1qSXlNakl5TWpJeU1qSXlNakl5TWpJeU1qSXlNakl5TWpJeU1qSXlNakl5LzhBQUVRZ0FLd0FnQXdFaUFBSVJBUU1SQWYvRUFCOEFBQUVGQVFFQkFRRUJBQUFBQUFBQUFBQUJBZ01FQlFZSENBa0tDLy9FQUxVUUFBSUJBd01DQkFNRkJRUUVBQUFCZlFFQ0F3QUVFUVVTSVRGQkJoTlJZUWNpY1JReWdaR2hDQ05Dc2NFVlV0SHdKRE5pY29JSkNoWVhHQmthSlNZbktDa3FORFUyTnpnNU9rTkVSVVpIU0VsS1UxUlZWbGRZV1ZwalpHVm1aMmhwYW5OMGRYWjNlSGw2ZzRTRmhvZUlpWXFTazVTVmxwZVltWnFpbzZTbHBxZW9xYXF5czdTMXRyZTR1YnJDdzhURnhzZkl5Y3JTMDlUVjF0ZlkyZHJoNHVQazVlYm42T25xOGZMejlQWDI5L2o1K3YvRUFCOEJBQU1CQVFFQkFRRUJBUUVBQUFBQUFBQUJBZ01FQlFZSENBa0tDLy9FQUxVUkFBSUJBZ1FFQXdRSEJRUUVBQUVDZHdBQkFnTVJCQVVoTVFZU1FWRUhZWEVUSWpLQkNCUkNrYUd4d1Frak0xTHdGV0p5MFFvV0pEVGhKZkVYR0JrYUppY29LU28xTmpjNE9UcERSRVZHUjBoSlNsTlVWVlpYV0ZsYVkyUmxabWRvYVdwemRIVjJkM2g1ZW9LRGhJV0doNGlKaXBLVGxKV1dsNWlabXFLanBLV21wNmlwcXJLenRMVzJ0N2k1dXNMRHhNWEd4OGpKeXRMVDFOWFcxOWpaMnVMajVPWG01K2pwNnZMejlQWDI5L2o1K3YvYUFBd0RBUUFDRVFNUkFEOEE2UHhMWnlXTC9hazVyTXNmR1UxdVFyOUJYWGVLWS9Nc1NBT2E4djFDMmFFTDh2VTFuS3BaMk5Jd3VybnBObDR3dGJnQU93QnJaaDFDM3VCbEpBZnhyeHUvaE5qQkU0SkJZWnJwL0NWdGQzUUUyOXRsV3AzSWFzZFA0bXV2SXRReHJoOVRkYmhZV3gxTmRQNHprSXM4QVpyaDBlZTRhSkJHMkFmU29sRzd1VXBXVmk3cjBJZTN0eDdDdTI4SXhMRG95NEhOY3BxbGxQTWtJVkNjQVYxK2hLYmJTQWo4TjZVMGlXekwxN1ZMWVNpTnh1eDJySlRWbzE0aHRlZnBVMTVGRzk4ZHlnL1d0TzB0b1FneEV2NVZRR1MxOXFGeDkyTEErbFRXeDFEZCs4Y2hmU3R3b2lqaFFLcnRUc0s1LzlrPSI+Cgk8L2ltYWdlPgo8L3N2Zz4=""}}",1,2024-05-30 20:40:39,2024-05-30 20:40:39
6,App\Models\Achievement,6,3d568504-191a-4398-a0b4-becaf23c4aae,illustration,porto_chassis_5,porto_chassis_5.jpg,image/jpeg,media,media,505834,[],[],[],"{""media_library_original"":{""urls"":[""porto_chassis_5___media_library_original_1071_1500.jpg"",""porto_chassis_5___media_library_original_896_1255.jpg"",""porto_chassis_5___media_library_original_749_1049.jpg"",""porto_chassis_5___media_library_original_627_878.jpg"",""porto_chassis_5___media_library_original_524_734.jpg"",""porto_chassis_5___media_library_original_439_615.jpg"",""porto_chassis_5___media_library_original_367_514.jpg"",""porto_chassis_5___media_library_original_307_430.jpg"",""porto_chassis_5___media_library_original_257_360.jpg"",""porto_chassis_5___media_library_original_215_301.jpg"",""porto_chassis_5___media_library_original_180_252.jpg""],""base64svg"":""data:image\/svg+xml;base64,PCFET0NUWVBFIHN2ZyBQVUJMSUMgIi0vL1czQy8vRFREIFNWRyAxLjEvL0VOIiAiaHR0cDovL3d3dy53My5vcmcvR3JhcGhpY3MvU1ZHLzEuMS9EVEQvc3ZnMTEuZHRkIj4KPHN2ZyB2ZXJzaW9uPSIxLjEiIHhtbG5zPSJodHRwOi8vd3d3LnczLm9yZy8yMDAwL3N2ZyIgeG1sbnM6eGxpbms9Imh0dHA6Ly93d3cudzMub3JnLzE5OTkveGxpbmsiIHhtbDpzcGFjZT0icHJlc2VydmUiIHg9IjAiCiB5PSIwIiB2aWV3Qm94PSIwIDAgMTA3MSAxNTAwIj4KCTxpbWFnZSB3aWR0aD0iMTA3MSIgaGVpZ2h0PSIxNTAwIiB4bGluazpocmVmPSJkYXRhOmltYWdlL2pwZWc7YmFzZTY0LC85ai80QUFRU2taSlJnQUJBUUVBWUFCZ0FBRC8vZ0ErUTFKRlFWUlBVam9nWjJRdGFuQmxaeUIyTVM0d0lDaDFjMmx1WnlCSlNrY2dTbEJGUnlCMk9EQXBMQ0JrWldaaGRXeDBJSEYxWVd4cGRIa0svOXNBUXdBSUJnWUhCZ1VJQndjSENRa0lDZ3dVRFF3TEN3d1pFaE1QRkIwYUh4NGRHaHdjSUNRdUp5QWlMQ01jSENnM0tTd3dNVFEwTkI4bk9UMDRNand1TXpReS85c0FRd0VKQ1FrTUN3d1lEUTBZTWlFY0lUSXlNakl5TWpJeU1qSXlNakl5TWpJeU1qSXlNakl5TWpJeU1qSXlNakl5TWpJeU1qSXlNakl5TWpJeU1qSXlNakl5LzhBQUVRZ0FMUUFnQXdFaUFBSVJBUU1SQWYvRUFCOEFBQUVGQVFFQkFRRUJBQUFBQUFBQUFBQUJBZ01FQlFZSENBa0tDLy9FQUxVUUFBSUJBd01DQkFNRkJRUUVBQUFCZlFFQ0F3QUVFUVVTSVRGQkJoTlJZUWNpY1JReWdaR2hDQ05Dc2NFVlV0SHdKRE5pY29JSkNoWVhHQmthSlNZbktDa3FORFUyTnpnNU9rTkVSVVpIU0VsS1UxUlZWbGRZV1ZwalpHVm1aMmhwYW5OMGRYWjNlSGw2ZzRTRmhvZUlpWXFTazVTVmxwZVltWnFpbzZTbHBxZW9xYXF5czdTMXRyZTR1YnJDdzhURnhzZkl5Y3JTMDlUVjF0ZlkyZHJoNHVQazVlYm42T25xOGZMejlQWDI5L2o1K3YvRUFCOEJBQU1CQVFFQkFRRUJBUUVBQUFBQUFBQUJBZ01FQlFZSENBa0tDLy9FQUxVUkFBSUJBZ1FFQXdRSEJRUUVBQUVDZHdBQkFnTVJCQVVoTVFZU1FWRUhZWEVUSWpLQkNCUkNrYUd4d1Frak0xTHdGV0p5MFFvV0pEVGhKZkVYR0JrYUppY29LU28xTmpjNE9UcERSRVZHUjBoSlNsTlVWVlpYV0ZsYVkyUmxabWRvYVdwemRIVjJkM2g1ZW9LRGhJV0doNGlKaXBLVGxKV1dsNWlabXFLanBLV21wNmlwcXJLenRMVzJ0N2k1dXNMRHhNWEd4OGpKeXRMVDFOWFcxOWpaMnVMajVPWG01K2pwNnZMejlQWDI5L2o1K3YvYUFBd0RBUUFDRVFNUkFEOEFlbDFrNENrMWJqTXJBRVJ0K1ZOMFl4T01zQWE3T3pqdHpHUGtXcVZOV3VhU3hFbEpvNWhGbFA4QXl6YWxrZDQvdm9SWGJSd1FiaDhpL2xXTjRsV0pJUnRVQTFFa29sUXJTazdIQ2FOY0FjRTEybW4zSXdCbXZOdE1tMjRyc05QdVBsQnpXc2IyT2VmeHM3Q09mTERtdWU4VDNZd0V6VS8yL3dBcGQyYTVmWEx3VHpaQnJPcEZ0M0twdjNrYzdhbzhTajVhMVlidWRBQW80cUtOUlZoUUFjVjBxSms1WFpZVzluWVlJcUtlSXpqSkdEVDBGUzBPT2dLVm5jLy8yUT09Ij4KCTwvaW1hZ2U+Cjwvc3ZnPg==""}}",1,2024-05-30 20:40:39,2024-05-30 20:40:40
7,App\Models\Achievement,7,dfe98d8c-cba5-47e5-96ef-b9b7e1ca43d3,illustration,porto_moustiquaire_2,porto_moustiquaire_2.jpg,image/jpeg,media,media,515980,[],[],[],"{""media_library_original"":{""urls"":[""porto_moustiquaire_2___media_library_original_1071_1500.jpg"",""porto_moustiquaire_2___media_library_original_896_1255.jpg"",""porto_moustiquaire_2___media_library_original_749_1049.jpg"",""porto_moustiquaire_2___media_library_original_627_878.jpg"",""porto_moustiquaire_2___media_library_original_524_734.jpg"",""porto_moustiquaire_2___media_library_original_439_615.jpg"",""porto_moustiquaire_2___media_library_original_367_514.jpg"",""porto_moustiquaire_2___media_library_original_307_430.jpg"",""porto_moustiquaire_2___media_library_original_257_360.jpg"",""porto_moustiquaire_2___media_library_original_215_301.jpg"",""porto_moustiquaire_2___media_library_original_180_252.jpg""],""base64svg"":""data:image\/svg+xml;base64,PCFET0NUWVBFIHN2ZyBQVUJMSUMgIi0vL1czQy8vRFREIFNWRyAxLjEvL0VOIiAiaHR0cDovL3d3dy53My5vcmcvR3JhcGhpY3MvU1ZHLzEuMS9EVEQvc3ZnMTEuZHRkIj4KPHN2ZyB2ZXJzaW9uPSIxLjEiIHhtbG5zPSJodHRwOi8vd3d3LnczLm9yZy8yMDAwL3N2ZyIgeG1sbnM6eGxpbms9Imh0dHA6Ly93d3cudzMub3JnLzE5OTkveGxpbmsiIHhtbDpzcGFjZT0icHJlc2VydmUiIHg9IjAiCiB5PSIwIiB2aWV3Qm94PSIwIDAgMTA3MSAxNTAwIj4KCTxpbWFnZSB3aWR0aD0iMTA3MSIgaGVpZ2h0PSIxNTAwIiB4bGluazpocmVmPSJkYXRhOmltYWdlL2pwZWc7YmFzZTY0LC85ai80QUFRU2taSlJnQUJBUUVBWUFCZ0FBRC8vZ0ErUTFKRlFWUlBVam9nWjJRdGFuQmxaeUIyTVM0d0lDaDFjMmx1WnlCSlNrY2dTbEJGUnlCMk9EQXBMQ0JrWldaaGRXeDBJSEYxWVd4cGRIa0svOXNBUXdBSUJnWUhCZ1VJQndjSENRa0lDZ3dVRFF3TEN3d1pFaE1QRkIwYUh4NGRHaHdjSUNRdUp5QWlMQ01jSENnM0tTd3dNVFEwTkI4bk9UMDRNand1TXpReS85c0FRd0VKQ1FrTUN3d1lEUTBZTWlFY0lUSXlNakl5TWpJeU1qSXlNakl5TWpJeU1qSXlNakl5TWpJeU1qSXlNakl5TWpJeU1qSXlNakl5TWpJeU1qSXlNakl5LzhBQUVRZ0FMUUFnQXdFaUFBSVJBUU1SQWYvRUFCOEFBQUVGQVFFQkFRRUJBQUFBQUFBQUFBQUJBZ01FQlFZSENBa0tDLy9FQUxVUUFBSUJBd01DQkFNRkJRUUVBQUFCZlFFQ0F3QUVFUVVTSVRGQkJoTlJZUWNpY1JReWdaR2hDQ05Dc2NFVlV0SHdKRE5pY29JSkNoWVhHQmthSlNZbktDa3FORFUyTnpnNU9rTkVSVVpIU0VsS1UxUlZWbGRZV1ZwalpHVm1aMmhwYW5OMGRYWjNlSGw2ZzRTRmhvZUlpWXFTazVTVmxwZVltWnFpbzZTbHBxZW9xYXF5czdTMXRyZTR1YnJDdzhURnhzZkl5Y3JTMDlUVjF0ZlkyZHJoNHVQazVlYm42T25xOGZMejlQWDI5L2o1K3YvRUFCOEJBQU1CQVFFQkFRRUJBUUVBQUFBQUFBQUJBZ01FQlFZSENBa0tDLy9FQUxVUkFBSUJBZ1FFQXdRSEJRUUVBQUVDZHdBQkFnTVJCQVVoTVFZU1FWRUhZWEVUSWpLQkNCUkNrYUd4d1Frak0xTHdGV0p5MFFvV0pEVGhKZkVYR0JrYUppY29LU28xTmpjNE9UcERSRVZHUjBoSlNsTlVWVlpYV0ZsYVkyUmxabWRvYVdwemRIVjJkM2g1ZW9LRGhJV0doNGlKaXBLVGxKV1dsNWlabXFLanBLV21wNmlwcXJLenRMVzJ0N2k1dXNMRHhNWEd4OGpKeXRMVDFOWFcxOWpaMnVMajVPWG01K2pwNnZMejlQWDI5L2o1K3YvYUFBd0RBUUFDRVFNUkFEOEE0Vzc4UFhGak9pU3FRV05iTVhnNjVsaVYvTHlDSzYzeG1MZHRRdHpFeW41aDBycnRPV0QrejRzc3YzUlRWT20yN2t1cE95YVBIcHZCVTJDVENhejROQit5U3ZoZm1IYXZkNW1zMGhZczZkSzgwdTJqTjljc3BHM1BGS1ZPQzJaVWFrM3VZOXlaeklqeVNGam51YTNZTll1RWdWUG00RlVkVzB1NHRKRmR4OG1hbVNRZVNoVVpPS3daZGgxM2ZYRThSQVpoV0lIa1VOdUp5YTZPQjBhTmpJbzZWaTNPM2MrMGNVWFkrV3l1YkdwWDgxeFpMSE1PYzlhZ3M0bURLcFhLa1ZCcTF3MjhLQUFLb1hPczNGdEdvUURwVlNkMk5HMWMycndxN0dRQUh0V0hJR0NzeE9SV0xlNjFlWEgzcERpdE9OMmZTUXhPVFJ5NkNiUC8yUT09Ij4KCTwvaW1hZ2U+Cjwvc3ZnPg==""}}",1,2024-05-30 20:40:40,2024-05-30 20:40:41
8,App\Models\Achievement,8,dc3398e1-ad1b-44e7-a652-2279748fecae,illustration,porto_chassis_1_last,porto_chassis_1_last.jpg,image/jpeg,media,media,649189,[],[],[],"{""media_library_original"":{""urls"":[""porto_chassis_1_last___media_library_original_1071_1500.jpg"",""porto_chassis_1_last___media_library_original_896_1255.jpg"",""porto_chassis_1_last___media_library_original_749_1049.jpg"",""porto_chassis_1_last___media_library_original_627_878.jpg"",""porto_chassis_1_last___media_library_original_524_734.jpg"",""porto_chassis_1_last___media_library_original_439_615.jpg"",""porto_chassis_1_last___media_library_original_367_514.jpg"",""porto_chassis_1_last___media_library_original_307_430.jpg"",""porto_chassis_1_last___media_library_original_257_360.jpg"",""porto_chassis_1_last___media_library_original_215_301.jpg"",""porto_chassis_1_last___media_library_original_180_252.jpg"",""porto_chassis_1_last___media_library_original_150_210.jpg""],""base64svg"":""data:image\/svg+xml;base64,PCFET0NUWVBFIHN2ZyBQVUJMSUMgIi0vL1czQy8vRFREIFNWRyAxLjEvL0VOIiAiaHR0cDovL3d3dy53My5vcmcvR3JhcGhpY3MvU1ZHLzEuMS9EVEQvc3ZnMTEuZHRkIj4KPHN2ZyB2ZXJzaW9uPSIxLjEiIHhtbG5zPSJodHRwOi8vd3d3LnczLm9yZy8yMDAwL3N2ZyIgeG1sbnM6eGxpbms9Imh0dHA6Ly93d3cudzMub3JnLzE5OTkveGxpbmsiIHhtbDpzcGFjZT0icHJlc2VydmUiIHg9IjAiCiB5PSIwIiB2aWV3Qm94PSIwIDAgMTA3MSAxNTAwIj4KCTxpbWFnZSB3aWR0aD0iMTA3MSIgaGVpZ2h0PSIxNTAwIiB4bGluazpocmVmPSJkYXRhOmltYWdlL2pwZWc7YmFzZTY0LC85ai80QUFRU2taSlJnQUJBUUVBWUFCZ0FBRC8vZ0ErUTFKRlFWUlBVam9nWjJRdGFuQmxaeUIyTVM0d0lDaDFjMmx1WnlCSlNrY2dTbEJGUnlCMk9EQXBMQ0JrWldaaGRXeDBJSEYxWVd4cGRIa0svOXNBUXdBSUJnWUhCZ1VJQndjSENRa0lDZ3dVRFF3TEN3d1pFaE1QRkIwYUh4NGRHaHdjSUNRdUp5QWlMQ01jSENnM0tTd3dNVFEwTkI4bk9UMDRNand1TXpReS85c0FRd0VKQ1FrTUN3d1lEUTBZTWlFY0lUSXlNakl5TWpJeU1qSXlNakl5TWpJeU1qSXlNakl5TWpJeU1qSXlNakl5TWpJeU1qSXlNakl5TWpJeU1qSXlNakl5LzhBQUVRZ0FMUUFnQXdFaUFBSVJBUU1SQWYvRUFCOEFBQUVGQVFFQkFRRUJBQUFBQUFBQUFBQUJBZ01FQlFZSENBa0tDLy9FQUxVUUFBSUJBd01DQkFNRkJRUUVBQUFCZlFFQ0F3QUVFUVVTSVRGQkJoTlJZUWNpY1JReWdaR2hDQ05Dc2NFVlV0SHdKRE5pY29JSkNoWVhHQmthSlNZbktDa3FORFUyTnpnNU9rTkVSVVpIU0VsS1UxUlZWbGRZV1ZwalpHVm1aMmhwYW5OMGRYWjNlSGw2ZzRTRmhvZUlpWXFTazVTVmxwZVltWnFpbzZTbHBxZW9xYXF5czdTMXRyZTR1YnJDdzhURnhzZkl5Y3JTMDlUVjF0ZlkyZHJoNHVQazVlYm42T25xOGZMejlQWDI5L2o1K3YvRUFCOEJBQU1CQVFFQkFRRUJBUUVBQUFBQUFBQUJBZ01FQlFZSENBa0tDLy9FQUxVUkFBSUJBZ1FFQXdRSEJRUUVBQUVDZHdBQkFnTVJCQVVoTVFZU1FWRUhZWEVUSWpLQkNCUkNrYUd4d1Frak0xTHdGV0p5MFFvV0pEVGhKZkVYR0JrYUppY29LU28xTmpjNE9UcERSRVZHUjBoSlNsTlVWVlpYV0ZsYVkyUmxabWRvYVdwemRIVjJkM2g1ZW9LRGhJV0doNGlKaXBLVGxKV1dsNWlabXFLanBLV21wNmlwcXJLenRMVzJ0N2k1dXNMRHhNWEd4OGpKeXRMVDFOWFcxOWpaMnVMajVPWG01K2pwNnZMejlQWDI5L2o1K3YvYUFBd0RBUUFDRVFNUkFEOEFzZVVEMTZWQkxiV3g2NHBydTNsa0syRDYxV2hzbGxmOTVkZ0U5czF6UWc1SFpPYVJaanM3Y0g1Y1ZaRWUwWUE0cXRlNlJMWjI0blM2R0R5T2FtMCtacElBWE9UNjA1d2EzQ0VrMlZyMGJMVjJIWVZ6Q3l5dXhPVDFycDlVYlpadjlLNHRkUjJPVjI5RFYwcjJNcXpTZXBvMzJwWEx3SkU4aHdPMWRGb2hKc0ZKcmk1YmszRGdsSzdiUWpuVGh4VlZub1RRZnZzZkxFTGlKa2M0QnJKL3NTRGVUdHpXckNUSStEV3BIWlJsUWNtc1lWSEZhR3RTQ2s3czVvYUxFZWR0YkZoQ2x0Q0kxclZXeGpDOVRROW5HZ3lLY3BTa3RTWXhqQjNSLzlrPSI+Cgk8L2ltYWdlPgo8L3N2Zz4=""}}",1,2024-05-30 20:40:41,2024-05-30 20:40:41
9,App\Models\Achievement,9,f6a10beb-ab7f-4e54-bed1-6b0e65244690,illustration,porto_chassis_2_last,porto_chassis_2_last.jpg,image/jpeg,media,media,502248,[],[],[],"{""media_library_original"":{""urls"":[""porto_chassis_2_last___media_library_original_1071_1500.jpg"",""porto_chassis_2_last___media_library_original_896_1255.jpg"",""porto_chassis_2_last___media_library_original_749_1049.jpg"",""porto_chassis_2_last___media_library_original_627_878.jpg"",""porto_chassis_2_last___media_library_original_524_734.jpg"",""porto_chassis_2_last___media_library_original_439_615.jpg"",""porto_chassis_2_last___media_library_original_367_514.jpg"",""porto_chassis_2_last___media_library_original_307_430.jpg"",""porto_chassis_2_last___media_library_original_257_360.jpg"",""porto_chassis_2_last___media_library_original_215_301.jpg"",""porto_chassis_2_last___media_library_original_180_252.jpg""],""base64svg"":""data:image\/svg+xml;base64,PCFET0NUWVBFIHN2ZyBQVUJMSUMgIi0vL1czQy8vRFREIFNWRyAxLjEvL0VOIiAiaHR0cDovL3d3dy53My5vcmcvR3JhcGhpY3MvU1ZHLzEuMS9EVEQvc3ZnMTEuZHRkIj4KPHN2ZyB2ZXJzaW9uPSIxLjEiIHhtbG5zPSJodHRwOi8vd3d3LnczLm9yZy8yMDAwL3N2ZyIgeG1sbnM6eGxpbms9Imh0dHA6Ly93d3cudzMub3JnLzE5OTkveGxpbmsiIHhtbDpzcGFjZT0icHJlc2VydmUiIHg9IjAiCiB5PSIwIiB2aWV3Qm94PSIwIDAgMTA3MSAxNTAwIj4KCTxpbWFnZSB3aWR0aD0iMTA3MSIgaGVpZ2h0PSIxNTAwIiB4bGluazpocmVmPSJkYXRhOmltYWdlL2pwZWc7YmFzZTY0LC85ai80QUFRU2taSlJnQUJBUUVBWUFCZ0FBRC8vZ0ErUTFKRlFWUlBVam9nWjJRdGFuQmxaeUIyTVM0d0lDaDFjMmx1WnlCSlNrY2dTbEJGUnlCMk9EQXBMQ0JrWldaaGRXeDBJSEYxWVd4cGRIa0svOXNBUXdBSUJnWUhCZ1VJQndjSENRa0lDZ3dVRFF3TEN3d1pFaE1QRkIwYUh4NGRHaHdjSUNRdUp5QWlMQ01jSENnM0tTd3dNVFEwTkI4bk9UMDRNand1TXpReS85c0FRd0VKQ1FrTUN3d1lEUTBZTWlFY0lUSXlNakl5TWpJeU1qSXlNakl5TWpJeU1qSXlNakl5TWpJeU1qSXlNakl5TWpJeU1qSXlNakl5TWpJeU1qSXlNakl5LzhBQUVRZ0FMUUFnQXdFaUFBSVJBUU1SQWYvRUFCOEFBQUVGQVFFQkFRRUJBQUFBQUFBQUFBQUJBZ01FQlFZSENBa0tDLy9FQUxVUUFBSUJBd01DQkFNRkJRUUVBQUFCZlFFQ0F3QUVFUVVTSVRGQkJoTlJZUWNpY1JReWdaR2hDQ05Dc2NFVlV0SHdKRE5pY29JSkNoWVhHQmthSlNZbktDa3FORFUyTnpnNU9rTkVSVVpIU0VsS1UxUlZWbGRZV1ZwalpHVm1aMmhwYW5OMGRYWjNlSGw2ZzRTRmhvZUlpWXFTazVTVmxwZVltWnFpbzZTbHBxZW9xYXF5czdTMXRyZTR1YnJDdzhURnhzZkl5Y3JTMDlUVjF0ZlkyZHJoNHVQazVlYm42T25xOGZMejlQWDI5L2o1K3YvRUFCOEJBQU1CQVFFQkFRRUJBUUVBQUFBQUFBQUJBZ01FQlFZSENBa0tDLy9FQUxVUkFBSUJBZ1FFQXdRSEJRUUVBQUVDZHdBQkFnTVJCQVVoTVFZU1FWRUhZWEVUSWpLQkNCUkNrYUd4d1Frak0xTHdGV0p5MFFvV0pEVGhKZkVYR0JrYUppY29LU28xTmpjNE9UcERSRVZHUjBoSlNsTlVWVlpYV0ZsYVkyUmxabWRvYVdwemRIVjJkM2g1ZW9LRGhJV0doNGlKaXBLVGxKV1dsNWlabXFLanBLV21wNmlwcXJLenRMVzJ0N2k1dXNMRHhNWEd4OGpKeXRMVDFOWFcxOWpaMnVMajVPWG01K2pwNnZMejlQWDI5L2o1K3YvYUFBd0RBUUFDRVFNUkFEOEFweDZVSm0yb3VUVWttaWVSOTljVnJhZVZpbjNOMHE1ZnpSU3hmTHlhNTBseTNPdC9GWTVrYVdybmFneWFyejJIMmRzT05wcmV0WFdLNEROMHBtcytYY3VHUVZLMnVPU1Y3SXJhbmZpeGpCQTYxVTAvVi90VTRqSTROTjhUSXp4THNVbjZWbWFKRklseUN5RUNta3VTNUVwMm5ZNkxVYjZHemdMTVJ1N1Z6MGZpUGZMZ2tZclMxZXhGOUd5bnJXRnAvaG5aT1dkdUt6NTRKYXNpZFMwanA1citHUmYzZ0ZVNU5UZ2l3STl1YTQrVFVaNUdJTFZTUzRsYVU1WTFoR2xLMnJNSHpQVTdhWFZRRkxCaFZIKzJGa1Vxallhc3VDTHowQVpqWFFhYm9kcXloamttajJhVzRLbTJmLy9aIj4KCTwvaW1hZ2U+Cjwvc3ZnPg==""}}",1,2024-05-30 20:40:41,2024-05-30 20:40:42
10,App\Models\Achievement,10,f30ce7e7-505c-49b8-ad5e-2880e7e7160f,illustration,porto_chassis_3_last,porto_chassis_3_last.jpg,image/jpeg,media,media,462079,[],[],[],"{""media_library_original"":{""urls"":[""porto_chassis_3_last___media_library_original_1071_1500.jpg"",""porto_chassis_3_last___media_library_original_896_1255.jpg"",""porto_chassis_3_last___media_library_original_749_1049.jpg"",""porto_chassis_3_last___media_library_original_627_878.jpg"",""porto_chassis_3_last___media_library_original_524_734.jpg"",""porto_chassis_3_last___media_library_original_439_615.jpg"",""porto_chassis_3_last___media_library_original_367_514.jpg"",""porto_chassis_3_last___media_library_original_307_430.jpg"",""porto_chassis_3_last___media_library_original_257_360.jpg"",""porto_chassis_3_last___media_library_original_215_301.jpg"",""porto_chassis_3_last___media_library_original_180_252.jpg""],""base64svg"":""data:image\/svg+xml;base64,PCFET0NUWVBFIHN2ZyBQVUJMSUMgIi0vL1czQy8vRFREIFNWRyAxLjEvL0VOIiAiaHR0cDovL3d3dy53My5vcmcvR3JhcGhpY3MvU1ZHLzEuMS9EVEQvc3ZnMTEuZHRkIj4KPHN2ZyB2ZXJzaW9uPSIxLjEiIHhtbG5zPSJodHRwOi8vd3d3LnczLm9yZy8yMDAwL3N2ZyIgeG1sbnM6eGxpbms9Imh0dHA6Ly93d3cudzMub3JnLzE5OTkveGxpbmsiIHhtbDpzcGFjZT0icHJlc2VydmUiIHg9IjAiCiB5PSIwIiB2aWV3Qm94PSIwIDAgMTA3MSAxNTAwIj4KCTxpbWFnZSB3aWR0aD0iMTA3MSIgaGVpZ2h0PSIxNTAwIiB4bGluazpocmVmPSJkYXRhOmltYWdlL2pwZWc7YmFzZTY0LC85ai80QUFRU2taSlJnQUJBUUVBWUFCZ0FBRC8vZ0ErUTFKRlFWUlBVam9nWjJRdGFuQmxaeUIyTVM0d0lDaDFjMmx1WnlCSlNrY2dTbEJGUnlCMk9EQXBMQ0JrWldaaGRXeDBJSEYxWVd4cGRIa0svOXNBUXdBSUJnWUhCZ1VJQndjSENRa0lDZ3dVRFF3TEN3d1pFaE1QRkIwYUh4NGRHaHdjSUNRdUp5QWlMQ01jSENnM0tTd3dNVFEwTkI4bk9UMDRNand1TXpReS85c0FRd0VKQ1FrTUN3d1lEUTBZTWlFY0lUSXlNakl5TWpJeU1qSXlNakl5TWpJeU1qSXlNakl5TWpJeU1qSXlNakl5TWpJeU1qSXlNakl5TWpJeU1qSXlNakl5LzhBQUVRZ0FMUUFnQXdFaUFBSVJBUU1SQWYvRUFCOEFBQUVGQVFFQkFRRUJBQUFBQUFBQUFBQUJBZ01FQlFZSENBa0tDLy9FQUxVUUFBSUJBd01DQkFNRkJRUUVBQUFCZlFFQ0F3QUVFUVVTSVRGQkJoTlJZUWNpY1JReWdaR2hDQ05Dc2NFVlV0SHdKRE5pY29JSkNoWVhHQmthSlNZbktDa3FORFUyTnpnNU9rTkVSVVpIU0VsS1UxUlZWbGRZV1ZwalpHVm1aMmhwYW5OMGRYWjNlSGw2ZzRTRmhvZUlpWXFTazVTVmxwZVltWnFpbzZTbHBxZW9xYXF5czdTMXRyZTR1YnJDdzhURnhzZkl5Y3JTMDlUVjF0ZlkyZHJoNHVQazVlYm42T25xOGZMejlQWDI5L2o1K3YvRUFCOEJBQU1CQVFFQkFRRUJBUUVBQUFBQUFBQUJBZ01FQlFZSENBa0tDLy9FQUxVUkFBSUJBZ1FFQXdRSEJRUUVBQUVDZHdBQkFnTVJCQVVoTVFZU1FWRUhZWEVUSWpLQkNCUkNrYUd4d1Frak0xTHdGV0p5MFFvV0pEVGhKZkVYR0JrYUppY29LU28xTmpjNE9UcERSRVZHUjBoSlNsTlVWVlpYV0ZsYVkyUmxabWRvYVdwemRIVjJkM2g1ZW9LRGhJV0doNGlKaXBLVGxKV1dsNWlabXFLanBLV21wNmlwcXJLenRMVzJ0N2k1dXNMRHhNWEd4OGpKeXRMVDFOWFcxOWpaMnVMajVPWG01K2pwNnZMejlQWDI5L2o1K3YvYUFBd0RBUUFDRVFNUkFEOEFsdkpwWWdSR0JtdVp2YlM2dkd5ekN0N1ZZNUpZV0VUWWIycmdkUm0xV3pseHZiQk5jbktwYUhWTnRHc21pM0NPR0JHUlc3Wi9hNDFDdGdnVndjbW82dU52ek56VzlwYWFySVEwcnRnOXFmc2xFbU0yenJXVUpMeGtrMWllSkxjYkVmYlhScHlTV0FCckgxOCtiQ0IyRktNMXpJS2trb3RJNTIxaU54SWhJRzFUWFh3Q0lLcmpxQjBya2JlZFl4dEhHRFcvRGVoYlVjZGU5YVZPYm04akNqTFd6TFRUc1UzTWNVeEN0MGhWeGtWRmN0aWNwMnFBenNoMkx3SzhkU2t1cERzOWlHNjBwZ2N4TDhwUFdyZjJaVXNBaEdUVnZ6Ryt3OWFxUU8wcllZOFZwOWJuTFJpak94Ly8yUT09Ij4KCTwvaW1hZ2U+Cjwvc3ZnPg==""}}",1,2024-05-30 20:40:42,2024-05-30 20:40:43
11,App\Models\Achievement,11,ab7da64d-6c9f-42b8-a576-72b544650922,illustration,porto_chassis_4,porto_chassis_4.jpg,image/jpeg,media,media,469387,[],[],[],"{""media_library_original"":{""urls"":[""porto_chassis_4___media_library_original_1071_1500.jpg"",""porto_chassis_4___media_library_original_896_1255.jpg"",""porto_chassis_4___media_library_original_749_1049.jpg"",""porto_chassis_4___media_library_original_627_878.jpg"",""porto_chassis_4___media_library_original_524_734.jpg"",""porto_chassis_4___media_library_original_439_615.jpg"",""porto_chassis_4___media_library_original_367_514.jpg"",""porto_chassis_4___media_library_original_307_430.jpg"",""porto_chassis_4___media_library_original_257_360.jpg"",""porto_chassis_4___media_library_original_215_301.jpg"",""porto_chassis_4___media_library_original_180_252.jpg""],""base64svg"":""data:image\/svg+xml;base64,PCFET0NUWVBFIHN2ZyBQVUJMSUMgIi0vL1czQy8vRFREIFNWRyAxLjEvL0VOIiAiaHR0cDovL3d3dy53My5vcmcvR3JhcGhpY3MvU1ZHLzEuMS9EVEQvc3ZnMTEuZHRkIj4KPHN2ZyB2ZXJzaW9uPSIxLjEiIHhtbG5zPSJodHRwOi8vd3d3LnczLm9yZy8yMDAwL3N2ZyIgeG1sbnM6eGxpbms9Imh0dHA6Ly93d3cudzMub3JnLzE5OTkveGxpbmsiIHhtbDpzcGFjZT0icHJlc2VydmUiIHg9IjAiCiB5PSIwIiB2aWV3Qm94PSIwIDAgMTA3MSAxNTAwIj4KCTxpbWFnZSB3aWR0aD0iMTA3MSIgaGVpZ2h0PSIxNTAwIiB4bGluazpocmVmPSJkYXRhOmltYWdlL2pwZWc7YmFzZTY0LC85ai80QUFRU2taSlJnQUJBUUVBWUFCZ0FBRC8vZ0ErUTFKRlFWUlBVam9nWjJRdGFuQmxaeUIyTVM0d0lDaDFjMmx1WnlCSlNrY2dTbEJGUnlCMk9EQXBMQ0JrWldaaGRXeDBJSEYxWVd4cGRIa0svOXNBUXdBSUJnWUhCZ1VJQndjSENRa0lDZ3dVRFF3TEN3d1pFaE1QRkIwYUh4NGRHaHdjSUNRdUp5QWlMQ01jSENnM0tTd3dNVFEwTkI4bk9UMDRNand1TXpReS85c0FRd0VKQ1FrTUN3d1lEUTBZTWlFY0lUSXlNakl5TWpJeU1qSXlNakl5TWpJeU1qSXlNakl5TWpJeU1qSXlNakl5TWpJeU1qSXlNakl5TWpJeU1qSXlNakl5LzhBQUVRZ0FMUUFnQXdFaUFBSVJBUU1SQWYvRUFCOEFBQUVGQVFFQkFRRUJBQUFBQUFBQUFBQUJBZ01FQlFZSENBa0tDLy9FQUxVUUFBSUJBd01DQkFNRkJRUUVBQUFCZlFFQ0F3QUVFUVVTSVRGQkJoTlJZUWNpY1JReWdaR2hDQ05Dc2NFVlV0SHdKRE5pY29JSkNoWVhHQmthSlNZbktDa3FORFUyTnpnNU9rTkVSVVpIU0VsS1UxUlZWbGRZV1ZwalpHVm1aMmhwYW5OMGRYWjNlSGw2ZzRTRmhvZUlpWXFTazVTVmxwZVltWnFpbzZTbHBxZW9xYXF5czdTMXRyZTR1YnJDdzhURnhzZkl5Y3JTMDlUVjF0ZlkyZHJoNHVQazVlYm42T25xOGZMejlQWDI5L2o1K3YvRUFCOEJBQU1CQVFFQkFRRUJBUUVBQUFBQUFBQUJBZ01FQlFZSENBa0tDLy9FQUxVUkFBSUJBZ1FFQXdRSEJRUUVBQUVDZHdBQkFnTVJCQVVoTVFZU1FWRUhZWEVUSWpLQkNCUkNrYUd4d1Frak0xTHdGV0p5MFFvV0pEVGhKZkVYR0JrYUppY29LU28xTmpjNE9UcERSRVZHUjBoSlNsTlVWVlpYV0ZsYVkyUmxabWRvYVdwemRIVjJkM2g1ZW9LRGhJV0doNGlKaXBLVGxKV1dsNWlabXFLanBLV21wNmlwcXJLenRMVzJ0N2k1dXNMRHhNWEd4OGpKeXRMVDFOWFcxOWpaMnVMajVPWG01K2pwNnZMejlQWDI5L2o1K3YvYUFBd0RBUUFDRVFNUkFEOEFxb2VhM05QMFdTOWg4eFd4V0FoNXJ2OEF3cTYvWkNHckJ5c3JuWFZUdG9ZMHVnM0NLZWVsWmJCb1NWYnFLN3ZVcGhHaHhpdUZ1MjMzRG4zb2hOU2pjemdwT1dwakpKelhiZUhKOXRteEhhdUFSK2E2UFNOUWFDSXFPaHBPTGxvYVZaV2lYZFoxV1VTYkFUZzFqdE1XT1RUZFl2TjF3dkhVMVhENUZXNGNxTWNQSzdabWNpdEd5a0czbHNWTWJTTW5HS2N0dkdxbkFycmhSYWQyWVZjUXBLd1NSUXkvTVd5UlVhV3p1U0IwcXhDaWp0VnkzakJmRmF6cEtXNWpDdHliSC8vWiI+Cgk8L2ltYWdlPgo8L3N2Zz4=""}}",1,2024-05-30 20:40:43,2024-05-30 20:40:43
12,App\Models\Achievement,12,e15a7a5b-1839-4e84-8d06-7b3a68bbbc27,illustration,porte_garage_1_last,porte_garage_1_last.jpg,image/jpeg,media,media,513396,[],[],[],"{""media_library_original"":{""urls"":[""porte_garage_1_last___media_library_original_1071_1500.jpg"",""porte_garage_1_last___media_library_original_896_1255.jpg"",""porte_garage_1_last___media_library_original_749_1049.jpg"",""porte_garage_1_last___media_library_original_627_878.jpg"",""porte_garage_1_last___media_library_original_524_734.jpg"",""porte_garage_1_last___media_library_original_439_615.jpg"",""porte_garage_1_last___media_library_original_367_514.jpg"",""porte_garage_1_last___media_library_original_307_430.jpg"",""porte_garage_1_last___media_library_original_257_360.jpg"",""porte_garage_1_last___media_library_original_215_301.jpg"",""porte_garage_1_last___media_library_original_180_252.jpg""],""base64svg"":""data:image\/svg+xml;base64,PCFET0NUWVBFIHN2ZyBQVUJMSUMgIi0vL1czQy8vRFREIFNWRyAxLjEvL0VOIiAiaHR0cDovL3d3dy53My5vcmcvR3JhcGhpY3MvU1ZHLzEuMS9EVEQvc3ZnMTEuZHRkIj4KPHN2ZyB2ZXJzaW9uPSIxLjEiIHhtbG5zPSJodHRwOi8vd3d3LnczLm9yZy8yMDAwL3N2ZyIgeG1sbnM6eGxpbms9Imh0dHA6Ly93d3cudzMub3JnLzE5OTkveGxpbmsiIHhtbDpzcGFjZT0icHJlc2VydmUiIHg9IjAiCiB5PSIwIiB2aWV3Qm94PSIwIDAgMTA3MSAxNTAwIj4KCTxpbWFnZSB3aWR0aD0iMTA3MSIgaGVpZ2h0PSIxNTAwIiB4bGluazpocmVmPSJkYXRhOmltYWdlL2pwZWc7YmFzZTY0LC85ai80QUFRU2taSlJnQUJBUUVBWUFCZ0FBRC8vZ0ErUTFKRlFWUlBVam9nWjJRdGFuQmxaeUIyTVM0d0lDaDFjMmx1WnlCSlNrY2dTbEJGUnlCMk9EQXBMQ0JrWldaaGRXeDBJSEYxWVd4cGRIa0svOXNBUXdBSUJnWUhCZ1VJQndjSENRa0lDZ3dVRFF3TEN3d1pFaE1QRkIwYUh4NGRHaHdjSUNRdUp5QWlMQ01jSENnM0tTd3dNVFEwTkI4bk9UMDRNand1TXpReS85c0FRd0VKQ1FrTUN3d1lEUTBZTWlFY0lUSXlNakl5TWpJeU1qSXlNakl5TWpJeU1qSXlNakl5TWpJeU1qSXlNakl5TWpJeU1qSXlNakl5TWpJeU1qSXlNakl5LzhBQUVRZ0FMUUFnQXdFaUFBSVJBUU1SQWYvRUFCOEFBQUVGQVFFQkFRRUJBQUFBQUFBQUFBQUJBZ01FQlFZSENBa0tDLy9FQUxVUUFBSUJBd01DQkFNRkJRUUVBQUFCZlFFQ0F3QUVFUVVTSVRGQkJoTlJZUWNpY1JReWdaR2hDQ05Dc2NFVlV0SHdKRE5pY29JSkNoWVhHQmthSlNZbktDa3FORFUyTnpnNU9rTkVSVVpIU0VsS1UxUlZWbGRZV1ZwalpHVm1aMmhwYW5OMGRYWjNlSGw2ZzRTRmhvZUlpWXFTazVTVmxwZVltWnFpbzZTbHBxZW9xYXF5czdTMXRyZTR1YnJDdzhURnhzZkl5Y3JTMDlUVjF0ZlkyZHJoNHVQazVlYm42T25xOGZMejlQWDI5L2o1K3YvRUFCOEJBQU1CQVFFQkFRRUJBUUVBQUFBQUFBQUJBZ01FQlFZSENBa0tDLy9FQUxVUkFBSUJBZ1FFQXdRSEJRUUVBQUVDZHdBQkFnTVJCQVVoTVFZU1FWRUhZWEVUSWpLQkNCUkNrYUd4d1Frak0xTHdGV0p5MFFvV0pEVGhKZkVYR0JrYUppY29LU28xTmpjNE9UcERSRVZHUjBoSlNsTlVWVlpYV0ZsYVkyUmxabWRvYVdwemRIVjJkM2g1ZW9LRGhJV0doNGlKaXBLVGxKV1dsNWlabXFLanBLV21wNmlwcXJLenRMVzJ0N2k1dXNMRHhNWEd4OGpKeXRMVDFOWFcxOWpaMnVMajVPWG01K2pwNnZMejlQWDI5L2o1K3YvYUFBd0RBUUFDRVFNUkFEOEFyWTFjZndtZ3o2dW44RmJldjZ4OWdrRU1VWUxtdWViVTlSbU9RQUJYT3B5WjFjZy83ZHE0UCtxTk8vdFBWd1A5U2FnR3AzOEp5VkRDdHpSTllqdnBmSm1pQWY2VW5KaHlsSHhLd0dwQXNPYXBKSU50WFBFOGNzdDZIUkNSV09JN2dmOEFMTTFuWnRHeWFManlyaXJIaC9hMnE1RlpUUjNCL3dDV1pyVThOeFN4WGhlUlNCNzBXWTIwZExMYnRLY2xNMCt5c28za085QitWYnBoUUowcGx2QW1TY1YyOHlTUE9zMjdtSmUyME1VbUZRVlFsYnllVkFBcm83NjFSaUNheXJ5MVF4NDVwcHBvVHVtZi85az0iPgoJPC9pbWFnZT4KPC9zdmc+""}}",1,2024-05-30 20:40:43,2024-05-30 20:40:44
13,App\Models\Achievement,13,80cb73dc-bf0a-40a1-bc34-68962f51af35,illustration,porte_garage_2_last,porte_garage_2_last.jpg,image/jpeg,media,media,486973,[],[],[],"{""media_library_original"":{""urls"":[""porte_garage_2_last___media_library_original_1071_1500.jpg"",""porte_garage_2_last___media_library_original_896_1255.jpg"",""porte_garage_2_last___media_library_original_749_1049.jpg"",""porte_garage_2_last___media_library_original_627_878.jpg"",""porte_garage_2_last___media_library_original_524_734.jpg"",""porte_garage_2_last___media_library_original_439_615.jpg"",""porte_garage_2_last___media_library_original_367_514.jpg"",""porte_garage_2_last___media_library_original_307_430.jpg"",""porte_garage_2_last___media_library_original_257_360.jpg"",""porte_garage_2_last___media_library_original_215_301.jpg"",""porte_garage_2_last___media_library_original_180_252.jpg""],""base64svg"":""data:image\/svg+xml;base64,PCFET0NUWVBFIHN2ZyBQVUJMSUMgIi0vL1czQy8vRFREIFNWRyAxLjEvL0VOIiAiaHR0cDovL3d3dy53My5vcmcvR3JhcGhpY3MvU1ZHLzEuMS9EVEQvc3ZnMTEuZHRkIj4KPHN2ZyB2ZXJzaW9uPSIxLjEiIHhtbG5zPSJodHRwOi8vd3d3LnczLm9yZy8yMDAwL3N2ZyIgeG1sbnM6eGxpbms9Imh0dHA6Ly93d3cudzMub3JnLzE5OTkveGxpbmsiIHhtbDpzcGFjZT0icHJlc2VydmUiIHg9IjAiCiB5PSIwIiB2aWV3Qm94PSIwIDAgMTA3MSAxNTAwIj4KCTxpbWFnZSB3aWR0aD0iMTA3MSIgaGVpZ2h0PSIxNTAwIiB4bGluazpocmVmPSJkYXRhOmltYWdlL2pwZWc7YmFzZTY0LC85ai80QUFRU2taSlJnQUJBUUVBWUFCZ0FBRC8vZ0ErUTFKRlFWUlBVam9nWjJRdGFuQmxaeUIyTVM0d0lDaDFjMmx1WnlCSlNrY2dTbEJGUnlCMk9EQXBMQ0JrWldaaGRXeDBJSEYxWVd4cGRIa0svOXNBUXdBSUJnWUhCZ1VJQndjSENRa0lDZ3dVRFF3TEN3d1pFaE1QRkIwYUh4NGRHaHdjSUNRdUp5QWlMQ01jSENnM0tTd3dNVFEwTkI4bk9UMDRNand1TXpReS85c0FRd0VKQ1FrTUN3d1lEUTBZTWlFY0lUSXlNakl5TWpJeU1qSXlNakl5TWpJeU1qSXlNakl5TWpJeU1qSXlNakl5TWpJeU1qSXlNakl5TWpJeU1qSXlNakl5LzhBQUVRZ0FMUUFnQXdFaUFBSVJBUU1SQWYvRUFCOEFBQUVGQVFFQkFRRUJBQUFBQUFBQUFBQUJBZ01FQlFZSENBa0tDLy9FQUxVUUFBSUJBd01DQkFNRkJRUUVBQUFCZlFFQ0F3QUVFUVVTSVRGQkJoTlJZUWNpY1JReWdaR2hDQ05Dc2NFVlV0SHdKRE5pY29JSkNoWVhHQmthSlNZbktDa3FORFUyTnpnNU9rTkVSVVpIU0VsS1UxUlZWbGRZV1ZwalpHVm1aMmhwYW5OMGRYWjNlSGw2ZzRTRmhvZUlpWXFTazVTVmxwZVltWnFpbzZTbHBxZW9xYXF5czdTMXRyZTR1YnJDdzhURnhzZkl5Y3JTMDlUVjF0ZlkyZHJoNHVQazVlYm42T25xOGZMejlQWDI5L2o1K3YvRUFCOEJBQU1CQVFFQkFRRUJBUUVBQUFBQUFBQUJBZ01FQlFZSENBa0tDLy9FQUxVUkFBSUJBZ1FFQXdRSEJRUUVBQUVDZHdBQkFnTVJCQVVoTVFZU1FWRUhZWEVUSWpLQkNCUkNrYUd4d1Frak0xTHdGV0p5MFFvV0pEVGhKZkVYR0JrYUppY29LU28xTmpjNE9UcERSRVZHUjBoSlNsTlVWVlpYV0ZsYVkyUmxabWRvYVdwemRIVjJkM2g1ZW9LRGhJV0doNGlKaXBLVGxKV1dsNWlabXFLanBLV21wNmlwcXJLenRMVzJ0N2k1dXNMRHhNWEd4OGpKeXRMVDFOWFcxOWpaMnVMajVPWG01K2pwNnZMejlQWDI5L2o1K3YvYUFBd0RBUUFDRVFNUkFEOEF2L2E5U0g4RklialUyL2hxZlY5YWowMllJVXpXWi93bHNmOEF6enJrVHF2VkhUYW10eTE1dXFIdFFaTlVOVkc4WExqaUt0RFJ0YlhVcGloVEdLSDdSSzdHbFRleGplTWZsdWxOYzBwNHJwdkd1VE1oQXo5SzVSUzJQdW11aWsvZE1LaTk0bFk4VjBmZzA1dTJybG1ac2REWFMrRG4yenVXR0tLcjkwS2E5NDlBdXREdGJyL1dvR3F1UEN0aGppSVZ1c0tFTmVlcWtrdEdkVGltWUxlRkxBai9BRlFwMFBoNjJ0c21KTnA5cTNjODA1UUNLVHFTYTNCUVNQL1oiPgoJPC9pbWFnZT4KPC9zdmc+""}}",1,2024-05-30 20:40:44,2024-05-30 20:40:45
14,App\Models\Achievement,14,209ea8d8-83b2-4f66-bd2a-7b6d04875528,illustration,moustiquaire_1_last,moustiquaire_1_last.jpg,image/jpeg,media,media,497363,[],[],[],"{""media_library_original"":{""urls"":[""moustiquaire_1_last___media_library_original_1071_1500.jpg"",""moustiquaire_1_last___media_library_original_896_1255.jpg"",""moustiquaire_1_last___media_library_original_749_1049.jpg"",""moustiquaire_1_last___media_library_original_627_878.jpg"",""moustiquaire_1_last___media_library_original_524_734.jpg"",""moustiquaire_1_last___media_library_original_439_615.jpg"",""moustiquaire_1_last___media_library_original_367_514.jpg"",""moustiquaire_1_last___media_library_original_307_430.jpg"",""moustiquaire_1_last___media_library_original_257_360.jpg"",""moustiquaire_1_last___media_library_original_215_301.jpg"",""moustiquaire_1_last___media_library_original_180_252.jpg""],""base64svg"":""data:image\/svg+xml;base64,PCFET0NUWVBFIHN2ZyBQVUJMSUMgIi0vL1czQy8vRFREIFNWRyAxLjEvL0VOIiAiaHR0cDovL3d3dy53My5vcmcvR3JhcGhpY3MvU1ZHLzEuMS9EVEQvc3ZnMTEuZHRkIj4KPHN2ZyB2ZXJzaW9uPSIxLjEiIHhtbG5zPSJodHRwOi8vd3d3LnczLm9yZy8yMDAwL3N2ZyIgeG1sbnM6eGxpbms9Imh0dHA6Ly93d3cudzMub3JnLzE5OTkveGxpbmsiIHhtbDpzcGFjZT0icHJlc2VydmUiIHg9IjAiCiB5PSIwIiB2aWV3Qm94PSIwIDAgMTA3MSAxNTAwIj4KCTxpbWFnZSB3aWR0aD0iMTA3MSIgaGVpZ2h0PSIxNTAwIiB4bGluazpocmVmPSJkYXRhOmltYWdlL2pwZWc7YmFzZTY0LC85ai80QUFRU2taSlJnQUJBUUVBWUFCZ0FBRC8vZ0ErUTFKRlFWUlBVam9nWjJRdGFuQmxaeUIyTVM0d0lDaDFjMmx1WnlCSlNrY2dTbEJGUnlCMk9EQXBMQ0JrWldaaGRXeDBJSEYxWVd4cGRIa0svOXNBUXdBSUJnWUhCZ1VJQndjSENRa0lDZ3dVRFF3TEN3d1pFaE1QRkIwYUh4NGRHaHdjSUNRdUp5QWlMQ01jSENnM0tTd3dNVFEwTkI4bk9UMDRNand1TXpReS85c0FRd0VKQ1FrTUN3d1lEUTBZTWlFY0lUSXlNakl5TWpJeU1qSXlNakl5TWpJeU1qSXlNakl5TWpJeU1qSXlNakl5TWpJeU1qSXlNakl5TWpJeU1qSXlNakl5LzhBQUVRZ0FMUUFnQXdFaUFBSVJBUU1SQWYvRUFCOEFBQUVGQVFFQkFRRUJBQUFBQUFBQUFBQUJBZ01FQlFZSENBa0tDLy9FQUxVUUFBSUJBd01DQkFNRkJRUUVBQUFCZlFFQ0F3QUVFUVVTSVRGQkJoTlJZUWNpY1JReWdaR2hDQ05Dc2NFVlV0SHdKRE5pY29JSkNoWVhHQmthSlNZbktDa3FORFUyTnpnNU9rTkVSVVpIU0VsS1UxUlZWbGRZV1ZwalpHVm1aMmhwYW5OMGRYWjNlSGw2ZzRTRmhvZUlpWXFTazVTVmxwZVltWnFpbzZTbHBxZW9xYXF5czdTMXRyZTR1YnJDdzhURnhzZkl5Y3JTMDlUVjF0ZlkyZHJoNHVQazVlYm42T25xOGZMejlQWDI5L2o1K3YvRUFCOEJBQU1CQVFFQkFRRUJBUUVBQUFBQUFBQUJBZ01FQlFZSENBa0tDLy9FQUxVUkFBSUJBZ1FFQXdRSEJRUUVBQUVDZHdBQkFnTVJCQVVoTVFZU1FWRUhZWEVUSWpLQkNCUkNrYUd4d1Frak0xTHdGV0p5MFFvV0pEVGhKZkVYR0JrYUppY29LU28xTmpjNE9UcERSRVZHUjBoSlNsTlVWVlpYV0ZsYVkyUmxabWRvYVdwemRIVjJkM2g1ZW9LRGhJV0doNGlKaXBLVGxKV1dsNWlabXFLanBLV21wNmlwcXJLenRMVzJ0N2k1dXNMRHhNWEd4OGpKeXRMVDFOWFcxOWpaMnVMajVPWG01K2pwNnZMejlQWDI5L2o1K3YvYUFBd0RBUUFDRVFNUkFEOEE3ZEp2T2gzSHVLNTJSViswdUNPOWJrSkVhN1NlbFpkemF1Ymt1Z3lEWE5OWFNaMVVuWnRHRmVRUldNcHVXT0FhZmJheGJYUHlJNEpyTDhieVN4V0lWUWMxeE9rWGM4TXVUdXFvdzVvM0NVK1dWajJlN2FUemNqcFZLUFVXamwybHZ3TmFLdUpVREd1ZThRUW1LUVNSbkgwclNOdG1jOHU2Tmk1aXROVGpDM01ZSTlhb3Q0UXNKRG1BcVBhc08xMTZTM2NKTHl0YTY2L2FrakQ3YXV6V3hONzdtcEs0aWxLanBWUFVWUzZnMkUvTjJxSFViaDBrVEI2MVZ1cEc4amRubXNrOVRSclF3YnUwYUtRaGgrTlZSYjdqeFhUUnhyZVdETklQbVhvYXhpb1ZpQlc2ZHpJLy85az0iPgoJPC9pbWFnZT4KPC9zdmc+""}}",1,2024-05-30 20:40:45,2024-05-30 20:40:45
15,App\Models\Achievement,15,08a759f3-0a8c-4231-8652-c05fb8f6760d,illustration,moustiquaire_4_last,moustiquaire_4_last.jpg,image/jpeg,media,media,459455,[],[],[],"{""media_library_original"":{""urls"":[""moustiquaire_4_last___media_library_original_1071_1500.jpg"",""moustiquaire_4_last___media_library_original_896_1255.jpg"",""moustiquaire_4_last___media_library_original_749_1049.jpg"",""moustiquaire_4_last___media_library_original_627_878.jpg"",""moustiquaire_4_last___media_library_original_524_734.jpg"",""moustiquaire_4_last___media_library_original_439_615.jpg"",""moustiquaire_4_last___media_library_original_367_514.jpg"",""moustiquaire_4_last___media_library_original_307_430.jpg"",""moustiquaire_4_last___media_library_original_257_360.jpg"",""moustiquaire_4_last___media_library_original_215_301.jpg"",""moustiquaire_4_last___media_library_original_180_252.jpg""],""base64svg"":""data:image\/svg+xml;base64,PCFET0NUWVBFIHN2ZyBQVUJMSUMgIi0vL1czQy8vRFREIFNWRyAxLjEvL0VOIiAiaHR0cDovL3d3dy53My5vcmcvR3JhcGhpY3MvU1ZHLzEuMS9EVEQvc3ZnMTEuZHRkIj4KPHN2ZyB2ZXJzaW9uPSIxLjEiIHhtbG5zPSJodHRwOi8vd3d3LnczLm9yZy8yMDAwL3N2ZyIgeG1sbnM6eGxpbms9Imh0dHA6Ly93d3cudzMub3JnLzE5OTkveGxpbmsiIHhtbDpzcGFjZT0icHJlc2VydmUiIHg9IjAiCiB5PSIwIiB2aWV3Qm94PSIwIDAgMTA3MSAxNTAwIj4KCTxpbWFnZSB3aWR0aD0iMTA3MSIgaGVpZ2h0PSIxNTAwIiB4bGluazpocmVmPSJkYXRhOmltYWdlL2pwZWc7YmFzZTY0LC85ai80QUFRU2taSlJnQUJBUUVBWUFCZ0FBRC8vZ0ErUTFKRlFWUlBVam9nWjJRdGFuQmxaeUIyTVM0d0lDaDFjMmx1WnlCSlNrY2dTbEJGUnlCMk9EQXBMQ0JrWldaaGRXeDBJSEYxWVd4cGRIa0svOXNBUXdBSUJnWUhCZ1VJQndjSENRa0lDZ3dVRFF3TEN3d1pFaE1QRkIwYUh4NGRHaHdjSUNRdUp5QWlMQ01jSENnM0tTd3dNVFEwTkI4bk9UMDRNand1TXpReS85c0FRd0VKQ1FrTUN3d1lEUTBZTWlFY0lUSXlNakl5TWpJeU1qSXlNakl5TWpJeU1qSXlNakl5TWpJeU1qSXlNakl5TWpJeU1qSXlNakl5TWpJeU1qSXlNakl5LzhBQUVRZ0FMUUFnQXdFaUFBSVJBUU1SQWYvRUFCOEFBQUVGQVFFQkFRRUJBQUFBQUFBQUFBQUJBZ01FQlFZSENBa0tDLy9FQUxVUUFBSUJBd01DQkFNRkJRUUVBQUFCZlFFQ0F3QUVFUVVTSVRGQkJoTlJZUWNpY1JReWdaR2hDQ05Dc2NFVlV0SHdKRE5pY29JSkNoWVhHQmthSlNZbktDa3FORFUyTnpnNU9rTkVSVVpIU0VsS1UxUlZWbGRZV1ZwalpHVm1aMmhwYW5OMGRYWjNlSGw2ZzRTRmhvZUlpWXFTazVTVmxwZVltWnFpbzZTbHBxZW9xYXF5czdTMXRyZTR1YnJDdzhURnhzZkl5Y3JTMDlUVjF0ZlkyZHJoNHVQazVlYm42T25xOGZMejlQWDI5L2o1K3YvRUFCOEJBQU1CQVFFQkFRRUJBUUVBQUFBQUFBQUJBZ01FQlFZSENBa0tDLy9FQUxVUkFBSUJBZ1FFQXdRSEJRUUVBQUVDZHdBQkFnTVJCQVVoTVFZU1FWRUhZWEVUSWpLQkNCUkNrYUd4d1Frak0xTHdGV0p5MFFvV0pEVGhKZkVYR0JrYUppY29LU28xTmpjNE9UcERSRVZHUjBoSlNsTlVWVlpYV0ZsYVkyUmxabWRvYVdwemRIVjJkM2g1ZW9LRGhJV0doNGlKaXBLVGxKV1dsNWlabXFLanBLV21wNmlwcXJLenRMVzJ0N2k1dXNMRHhNWEd4OGpKeXRMVDFOWFcxOWpaMnVMajVPWG01K2pwNnZMejlQWDI5L2o1K3YvYUFBd0RBUUFDRVFNUkFEOEF2V1BpeUtXeGFLYzdTZWxPMDJlT2E0SlJ3UWE0YTUwbS9CeVViSHRTMjF4ZGFhZDN6WnJpdWRjWkt4Nk5HUXNqcU91YXVSTnVYQnJodFA4QUU0RG56K0NhNjNUOVN0cmlQY3Nnejlhb2N0VGVrMEpXSDNRZndyTDFEd3ZFOFRFeERwNlYyRFhWc24zcFZINDFXbTFDeWRHUlprSkk2WnJwZEtMT0xtWjVoRjRQdHJyekN6K1dRZU0xQy9oUzh0RG0xdWNqNjF0Njh6UVdrenhNUWM5cTR5RFdyNEhIbXQrZEwyS0tWUmtPcWF4cWZsQStkSitkSGhuVUxxZlUwV1daenowSnJaMVMzaWFFZklLb2FKYlJ4YXBHVkhPYTVjTk83MU1ibmFhMUZ1MDZVZTFlZHFOcm42MTZkcWFnMk12KzdYbXNnL2VOOWE5RXRILy8yUT09Ij4KCTwvaW1hZ2U+Cjwvc3ZnPg==""}}",1,2024-05-30 20:40:45,2024-05-30 20:40:46
16,App\Models\Achievement,16,f7a3ba7a-cadd-4cd9-b57c-8945d0f51c82,illustration,moustiquaire_5_last,moustiquaire_5_last.jpg,image/jpeg,media,media,503033,[],[],[],"{""media_library_original"":{""urls"":[""moustiquaire_5_last___media_library_original_1071_1500.jpg"",""moustiquaire_5_last___media_library_original_896_1255.jpg"",""moustiquaire_5_last___media_library_original_749_1049.jpg"",""moustiquaire_5_last___media_library_original_627_878.jpg"",""moustiquaire_5_last___media_library_original_524_734.jpg"",""moustiquaire_5_last___media_library_original_439_615.jpg"",""moustiquaire_5_last___media_library_original_367_514.jpg"",""moustiquaire_5_last___media_library_original_307_430.jpg"",""moustiquaire_5_last___media_library_original_257_360.jpg"",""moustiquaire_5_last___media_library_original_215_301.jpg"",""moustiquaire_5_last___media_library_original_180_252.jpg""],""base64svg"":""data:image\/svg+xml;base64,PCFET0NUWVBFIHN2ZyBQVUJMSUMgIi0vL1czQy8vRFREIFNWRyAxLjEvL0VOIiAiaHR0cDovL3d3dy53My5vcmcvR3JhcGhpY3MvU1ZHLzEuMS9EVEQvc3ZnMTEuZHRkIj4KPHN2ZyB2ZXJzaW9uPSIxLjEiIHhtbG5zPSJodHRwOi8vd3d3LnczLm9yZy8yMDAwL3N2ZyIgeG1sbnM6eGxpbms9Imh0dHA6Ly93d3cudzMub3JnLzE5OTkveGxpbmsiIHhtbDpzcGFjZT0icHJlc2VydmUiIHg9IjAiCiB5PSIwIiB2aWV3Qm94PSIwIDAgMTA3MSAxNTAwIj4KCTxpbWFnZSB3aWR0aD0iMTA3MSIgaGVpZ2h0PSIxNTAwIiB4bGluazpocmVmPSJkYXRhOmltYWdlL2pwZWc7YmFzZTY0LC85ai80QUFRU2taSlJnQUJBUUVBWUFCZ0FBRC8vZ0ErUTFKRlFWUlBVam9nWjJRdGFuQmxaeUIyTVM0d0lDaDFjMmx1WnlCSlNrY2dTbEJGUnlCMk9EQXBMQ0JrWldaaGRXeDBJSEYxWVd4cGRIa0svOXNBUXdBSUJnWUhCZ1VJQndjSENRa0lDZ3dVRFF3TEN3d1pFaE1QRkIwYUh4NGRHaHdjSUNRdUp5QWlMQ01jSENnM0tTd3dNVFEwTkI4bk9UMDRNand1TXpReS85c0FRd0VKQ1FrTUN3d1lEUTBZTWlFY0lUSXlNakl5TWpJeU1qSXlNakl5TWpJeU1qSXlNakl5TWpJeU1qSXlNakl5TWpJeU1qSXlNakl5TWpJeU1qSXlNakl5LzhBQUVRZ0FMUUFnQXdFaUFBSVJBUU1SQWYvRUFCOEFBQUVGQVFFQkFRRUJBQUFBQUFBQUFBQUJBZ01FQlFZSENBa0tDLy9FQUxVUUFBSUJBd01DQkFNRkJRUUVBQUFCZlFFQ0F3QUVFUVVTSVRGQkJoTlJZUWNpY1JReWdaR2hDQ05Dc2NFVlV0SHdKRE5pY29JSkNoWVhHQmthSlNZbktDa3FORFUyTnpnNU9rTkVSVVpIU0VsS1UxUlZWbGRZV1ZwalpHVm1aMmhwYW5OMGRYWjNlSGw2ZzRTRmhvZUlpWXFTazVTVmxwZVltWnFpbzZTbHBxZW9xYXF5czdTMXRyZTR1YnJDdzhURnhzZkl5Y3JTMDlUVjF0ZlkyZHJoNHVQazVlYm42T25xOGZMejlQWDI5L2o1K3YvRUFCOEJBQU1CQVFFQkFRRUJBUUVBQUFBQUFBQUJBZ01FQlFZSENBa0tDLy9FQUxVUkFBSUJBZ1FFQXdRSEJRUUVBQUVDZHdBQkFnTVJCQVVoTVFZU1FWRUhZWEVUSWpLQkNCUkNrYUd4d1Frak0xTHdGV0p5MFFvV0pEVGhKZkVYR0JrYUppY29LU28xTmpjNE9UcERSRVZHUjBoSlNsTlVWVlpYV0ZsYVkyUmxabWRvYVdwemRIVjJkM2g1ZW9LRGhJV0doNGlKaXBLVGxKV1dsNWlabXFLanBLV21wNmlwcXJLenRMVzJ0N2k1dXNMRHhNWEd4OGpKeXRMVDFOWFcxOWpaMnVMajVPWG01K2pwNnZMejlQWDI5L2o1K3YvYUFBd0RBUUFDRVFNUkFEOEE1NGExTk5LQVQxcnZQRDgyL1NtSGZOY3JGNFVOdUEwalpiMHJxTkh0cGJTellPcEM5czFVSVdJbFU1bVkvaXRETGNSQURwVU1UdUxaVTlLMHRXUXpYQzRINDFuM0VpV3lZSExWZktMbU84dHRMU003cFR1YW9kWXVZYmEzQzhENlZQZjZqSFp4a2xobXVKMUhVbnZaQ0FjaXJ0Y2pZWFU5UkJRQ0VaUHJXWkVobFV0S2VhdVJ3QUpscW10TEw3VmRCUjkwZGFtcExramN1bkhtZGlLK3ZaYnBzc1Rpb0xZRGVNMUxJQUIwcHFnS01pdExrV0xkd1ZXTUJUOHhyVzAyejhpRVBuNWpYTzJURzQxSUsvUVYxNnFGVUFWNStKcVhkanV3MU5KWFAvL1oiPgoJPC9pbWFnZT4KPC9zdmc+""}}",1,2024-05-30 20:40:46,2024-05-30 20:40:47
17,App\Models\Achievement,17,91b3ee9b-fc1e-4eb3-a1ae-c702e8426bea,illustration,moustiquaire_6_last,moustiquaire_6_last.jpg,image/jpeg,media,media,495826,[],[],[],"{""media_library_original"":{""urls"":[""moustiquaire_6_last___media_library_original_1071_1500.jpg"",""moustiquaire_6_last___media_library_original_896_1255.jpg"",""moustiquaire_6_last___media_library_original_749_1049.jpg"",""moustiquaire_6_last___media_library_original_627_878.jpg"",""moustiquaire_6_last___media_library_original_524_734.jpg"",""moustiquaire_6_last___media_library_original_439_615.jpg"",""moustiquaire_6_last___media_library_original_367_514.jpg"",""moustiquaire_6_last___media_library_original_307_430.jpg"",""moustiquaire_6_last___media_library_original_257_360.jpg"",""moustiquaire_6_last___media_library_original_215_301.jpg"",""moustiquaire_6_last___media_library_original_180_252.jpg""],""base64svg"":""data:image\/svg+xml;base64,PCFET0NUWVBFIHN2ZyBQVUJMSUMgIi0vL1czQy8vRFREIFNWRyAxLjEvL0VOIiAiaHR0cDovL3d3dy53My5vcmcvR3JhcGhpY3MvU1ZHLzEuMS9EVEQvc3ZnMTEuZHRkIj4KPHN2ZyB2ZXJzaW9uPSIxLjEiIHhtbG5zPSJodHRwOi8vd3d3LnczLm9yZy8yMDAwL3N2ZyIgeG1sbnM6eGxpbms9Imh0dHA6Ly93d3cudzMub3JnLzE5OTkveGxpbmsiIHhtbDpzcGFjZT0icHJlc2VydmUiIHg9IjAiCiB5PSIwIiB2aWV3Qm94PSIwIDAgMTA3MSAxNTAwIj4KCTxpbWFnZSB3aWR0aD0iMTA3MSIgaGVpZ2h0PSIxNTAwIiB4bGluazpocmVmPSJkYXRhOmltYWdlL2pwZWc7YmFzZTY0LC85ai80QUFRU2taSlJnQUJBUUVBWUFCZ0FBRC8vZ0ErUTFKRlFWUlBVam9nWjJRdGFuQmxaeUIyTVM0d0lDaDFjMmx1WnlCSlNrY2dTbEJGUnlCMk9EQXBMQ0JrWldaaGRXeDBJSEYxWVd4cGRIa0svOXNBUXdBSUJnWUhCZ1VJQndjSENRa0lDZ3dVRFF3TEN3d1pFaE1QRkIwYUh4NGRHaHdjSUNRdUp5QWlMQ01jSENnM0tTd3dNVFEwTkI4bk9UMDRNand1TXpReS85c0FRd0VKQ1FrTUN3d1lEUTBZTWlFY0lUSXlNakl5TWpJeU1qSXlNakl5TWpJeU1qSXlNakl5TWpJeU1qSXlNakl5TWpJeU1qSXlNakl5TWpJeU1qSXlNakl5LzhBQUVRZ0FMUUFnQXdFaUFBSVJBUU1SQWYvRUFCOEFBQUVGQVFFQkFRRUJBQUFBQUFBQUFBQUJBZ01FQlFZSENBa0tDLy9FQUxVUUFBSUJBd01DQkFNRkJRUUVBQUFCZlFFQ0F3QUVFUVVTSVRGQkJoTlJZUWNpY1JReWdaR2hDQ05Dc2NFVlV0SHdKRE5pY29JSkNoWVhHQmthSlNZbktDa3FORFUyTnpnNU9rTkVSVVpIU0VsS1UxUlZWbGRZV1ZwalpHVm1aMmhwYW5OMGRYWjNlSGw2ZzRTRmhvZUlpWXFTazVTVmxwZVltWnFpbzZTbHBxZW9xYXF5czdTMXRyZTR1YnJDdzhURnhzZkl5Y3JTMDlUVjF0ZlkyZHJoNHVQazVlYm42T25xOGZMejlQWDI5L2o1K3YvRUFCOEJBQU1CQVFFQkFRRUJBUUVBQUFBQUFBQUJBZ01FQlFZSENBa0tDLy9FQUxVUkFBSUJBZ1FFQXdRSEJRUUVBQUVDZHdBQkFnTVJCQVVoTVFZU1FWRUhZWEVUSWpLQkNCUkNrYUd4d1Frak0xTHdGV0p5MFFvV0pEVGhKZkVYR0JrYUppY29LU28xTmpjNE9UcERSRVZHUjBoSlNsTlVWVlpYV0ZsYVkyUmxabWRvYVdwemRIVjJkM2g1ZW9LRGhJV0doNGlKaXBLVGxKV1dsNWlabXFLanBLV21wNmlwcXJLenRMVzJ0N2k1dXNMRHhNWEd4OGpKeXRMVDFOWFcxOWpaMnVMajVPWG01K2pwNnZMejlQWDI5L2o1K3YvYUFBd0RBUUFDRVFNUkFEOEE2SzYzV3kvTTNGVUYxU0ZXenY2VmYxZWVDNWlQMmRnd3gycmhwaEpITVZJT1NhZnNvcDZDOXJKbzY4YW5IY01GVithMFlBVytZbXVMMGdOOXRBYklydFltQ1I5S3pxUlMyTmFjcjduSCtIbHVFMHdtVTVZZXRVcnlTNGt2QklFR0ZOVGFSZHRMcHprRWppc0c0dkowbWNiejFyZExSSFBheDAybmVaTGVlWXlnWUZhVjdyY2RqRmxqazF6dmg2YVdXVnlXSnBOZWdrdUVLcjFyS3N0TkRXbmV6c2IvQVBaMW5ZV3hqaGJPYTV5ZlNrTHN4YnFhM3BKVDNGVWJ4c3duakZKMTlOaS9ZK1pGcGFRMkpZN3djMDI2dVZsbElCckwzTm43eHBzcEtTS1FhbFZlWmxLRGdqLy8yUT09Ij4KCTwvaW1hZ2U+Cjwvc3ZnPg==""}}",1,2024-05-30 20:40:47,2024-05-30 20:40:47
18,App\Models\Achievement,18,e7b045cd-aa14-4804-b4fd-15761d979c48,illustration,moustiquaire_7_last,moustiquaire_7_last.jpg,image/jpeg,media,media,223593,[],[],[],"{""media_library_original"":{""urls"":[""moustiquaire_7_last___media_library_original_640_1422.jpg"",""moustiquaire_7_last___media_library_original_535_1189.jpg"",""moustiquaire_7_last___media_library_original_447_993.jpg"",""moustiquaire_7_last___media_library_original_374_831.jpg"",""moustiquaire_7_last___media_library_original_313_695.jpg"",""moustiquaire_7_last___media_library_original_262_582.jpg"",""moustiquaire_7_last___media_library_original_219_487.jpg"",""moustiquaire_7_last___media_library_original_183_407.jpg"",""moustiquaire_7_last___media_library_original_153_340.jpg""],""base64svg"":""data:image\/svg+xml;base64,PCFET0NUWVBFIHN2ZyBQVUJMSUMgIi0vL1czQy8vRFREIFNWRyAxLjEvL0VOIiAiaHR0cDovL3d3dy53My5vcmcvR3JhcGhpY3MvU1ZHLzEuMS9EVEQvc3ZnMTEuZHRkIj4KPHN2ZyB2ZXJzaW9uPSIxLjEiIHhtbG5zPSJodHRwOi8vd3d3LnczLm9yZy8yMDAwL3N2ZyIgeG1sbnM6eGxpbms9Imh0dHA6Ly93d3cudzMub3JnLzE5OTkveGxpbmsiIHhtbDpzcGFjZT0icHJlc2VydmUiIHg9IjAiCiB5PSIwIiB2aWV3Qm94PSIwIDAgNjQwIDE0MjIiPgoJPGltYWdlIHdpZHRoPSI2NDAiIGhlaWdodD0iMTQyMiIgeGxpbms6aHJlZj0iZGF0YTppbWFnZS9qcGVnO2Jhc2U2NCwvOWovNEFBUVNrWkpSZ0FCQVFFQVlBQmdBQUQvL2dBK1ExSkZRVlJQVWpvZ1oyUXRhbkJsWnlCMk1TNHdJQ2gxYzJsdVp5QkpTa2NnU2xCRlJ5QjJPREFwTENCa1pXWmhkV3gwSUhGMVlXeHBkSGtLLzlzQVF3QUlCZ1lIQmdVSUJ3Y0hDUWtJQ2d3VURRd0xDd3daRWhNUEZCMGFIeDRkR2h3Y0lDUXVKeUFpTENNY0hDZzNLU3d3TVRRME5COG5PVDA0TWp3dU16UXkvOXNBUXdFSkNRa01Dd3dZRFEwWU1pRWNJVEl5TWpJeU1qSXlNakl5TWpJeU1qSXlNakl5TWpJeU1qSXlNakl5TWpJeU1qSXlNakl5TWpJeU1qSXlNakl5TWpJeS84QUFFUWdBUndBZ0F3RWlBQUlSQVFNUkFmL0VBQjhBQUFFRkFRRUJBUUVCQUFBQUFBQUFBQUFCQWdNRUJRWUhDQWtLQy8vRUFMVVFBQUlCQXdNQ0JBTUZCUVFFQUFBQmZRRUNBd0FFRVFVU0lURkJCaE5SWVFjaWNSUXlnWkdoQ0NOQ3NjRVZVdEh3SkROaWNvSUpDaFlYR0JrYUpTWW5LQ2txTkRVMk56ZzVPa05FUlVaSFNFbEtVMVJWVmxkWVdWcGpaR1ZtWjJocGFuTjBkWFozZUhsNmc0U0Zob2VJaVlxU2s1U1ZscGVZbVpxaW82U2xwcWVvcWFxeXM3UzF0cmU0dWJyQ3c4VEZ4c2ZJeWNyUzA5VFYxdGZZMmRyaDR1UGs1ZWJuNk9ucThmTHo5UFgyOS9qNSt2L0VBQjhCQUFNQkFRRUJBUUVCQVFFQUFBQUFBQUFCQWdNRUJRWUhDQWtLQy8vRUFMVVJBQUlCQWdRRUF3UUhCUVFFQUFFQ2R3QUJBZ01SQkFVaE1RWVNRVkVIWVhFVElqS0JDQlJDa2FHeHdRa2pNMUx3RldKeTBRb1dKRFRoSmZFWEdCa2FKaWNvS1NvMU5qYzRPVHBEUkVWR1IwaEpTbE5VVlZaWFdGbGFZMlJsWm1kb2FXcHpkSFYyZDNoNWVvS0RoSVdHaDRpSmlwS1RsSldXbDVpWm1xS2pwS1dtcDZpcHFyS3p0TFcydDdpNXVzTER4TVhHeDhqSnl0TFQxTlhXMTlqWjJ1TGo1T1htNStqcDZ2THo5UFgyOS9qNSt2L2FBQXdEQVFBQ0VRTVJBRDhBNjVaNVluMmxlRFNHUjNma1lGWVAvQ1UrY3l0SkVWcTVINGh0bmJuZ1Z4Y2tqdVU0czBYakNOdTZpa2VYb0JVRWVxV2tpZjZ3Vkt0emJ5ZmNJSnFYY3VMVE9YaFNHNmhWbEF3YVdTeGpSTjJLb2FYS1k3RlRWL3ptbGhPYTlEbXVybm1wV0tyUXIyNHJSMFMzWnJzWllrVm5Ta291YTNmQy93QTl3TjFaVCtFMWcvZU9jdEYyMlNpcmtKSGttczdUZHoyU0E4MXFRUUhaZzFTMFJtVlpGY25CSEZiMmdJeVRjY1ZSQlJYQ01LM05NUlh1Y0p4eFUxUGhOYVh4SExXY1BsSXFBWXJSOHZBKzlXaWRNZ1U3bWtBeDcweHZzVVgzbkJwa0pHYkpHQXBJeVRXdjRjOHdPenlBZ2U5UW0rc2xIeXFEU0RWMVVZaUFXcGtycXhVV291NXp2Mm1kMjVsYjg2UXN4YkJKTkZGYldJRjVYak5SQXVzbldpaXM2aVRSRWovLzJRPT0iPgoJPC9pbWFnZT4KPC9zdmc+""}}",1,2024-05-30 20:40:47,2024-05-30 20:40:48
19,App\Models\Achievement,19,36a9c548-bc14-4e2c-bb3c-edf15e43c559,illustration,mousiquaire_chatiere,mousiquaire_chatiere.jpg,image/jpeg,media,media,495426,[],[],[],"{""media_library_original"":{""urls"":[""mousiquaire_chatiere___media_library_original_1071_1500.jpg"",""mousiquaire_chatiere___media_library_original_896_1255.jpg"",""mousiquaire_chatiere___media_library_original_749_1049.jpg"",""mousiquaire_chatiere___media_library_original_627_878.jpg"",""mousiquaire_chatiere___media_library_original_524_734.jpg"",""mousiquaire_chatiere___media_library_original_439_615.jpg"",""mousiquaire_chatiere___media_library_original_367_514.jpg"",""mousiquaire_chatiere___media_library_original_307_430.jpg"",""mousiquaire_chatiere___media_library_original_257_360.jpg"",""mousiquaire_chatiere___media_library_original_215_301.jpg"",""mousiquaire_chatiere___media_library_original_180_252.jpg""],""base64svg"":""data:image\/svg+xml;base64,PCFET0NUWVBFIHN2ZyBQVUJMSUMgIi0vL1czQy8vRFREIFNWRyAxLjEvL0VOIiAiaHR0cDovL3d3dy53My5vcmcvR3JhcGhpY3MvU1ZHLzEuMS9EVEQvc3ZnMTEuZHRkIj4KPHN2ZyB2ZXJzaW9uPSIxLjEiIHhtbG5zPSJodHRwOi8vd3d3LnczLm9yZy8yMDAwL3N2ZyIgeG1sbnM6eGxpbms9Imh0dHA6Ly93d3cudzMub3JnLzE5OTkveGxpbmsiIHhtbDpzcGFjZT0icHJlc2VydmUiIHg9IjAiCiB5PSIwIiB2aWV3Qm94PSIwIDAgMTA3MSAxNTAwIj4KCTxpbWFnZSB3aWR0aD0iMTA3MSIgaGVpZ2h0PSIxNTAwIiB4bGluazpocmVmPSJkYXRhOmltYWdlL2pwZWc7YmFzZTY0LC85ai80QUFRU2taSlJnQUJBUUVBWUFCZ0FBRC8vZ0ErUTFKRlFWUlBVam9nWjJRdGFuQmxaeUIyTVM0d0lDaDFjMmx1WnlCSlNrY2dTbEJGUnlCMk9EQXBMQ0JrWldaaGRXeDBJSEYxWVd4cGRIa0svOXNBUXdBSUJnWUhCZ1VJQndjSENRa0lDZ3dVRFF3TEN3d1pFaE1QRkIwYUh4NGRHaHdjSUNRdUp5QWlMQ01jSENnM0tTd3dNVFEwTkI4bk9UMDRNand1TXpReS85c0FRd0VKQ1FrTUN3d1lEUTBZTWlFY0lUSXlNakl5TWpJeU1qSXlNakl5TWpJeU1qSXlNakl5TWpJeU1qSXlNakl5TWpJeU1qSXlNakl5TWpJeU1qSXlNakl5LzhBQUVRZ0FMUUFnQXdFaUFBSVJBUU1SQWYvRUFCOEFBQUVGQVFFQkFRRUJBQUFBQUFBQUFBQUJBZ01FQlFZSENBa0tDLy9FQUxVUUFBSUJBd01DQkFNRkJRUUVBQUFCZlFFQ0F3QUVFUVVTSVRGQkJoTlJZUWNpY1JReWdaR2hDQ05Dc2NFVlV0SHdKRE5pY29JSkNoWVhHQmthSlNZbktDa3FORFUyTnpnNU9rTkVSVVpIU0VsS1UxUlZWbGRZV1ZwalpHVm1aMmhwYW5OMGRYWjNlSGw2ZzRTRmhvZUlpWXFTazVTVmxwZVltWnFpbzZTbHBxZW9xYXF5czdTMXRyZTR1YnJDdzhURnhzZkl5Y3JTMDlUVjF0ZlkyZHJoNHVQazVlYm42T25xOGZMejlQWDI5L2o1K3YvRUFCOEJBQU1CQVFFQkFRRUJBUUVBQUFBQUFBQUJBZ01FQlFZSENBa0tDLy9FQUxVUkFBSUJBZ1FFQXdRSEJRUUVBQUVDZHdBQkFnTVJCQVVoTVFZU1FWRUhZWEVUSWpLQkNCUkNrYUd4d1Frak0xTHdGV0p5MFFvV0pEVGhKZkVYR0JrYUppY29LU28xTmpjNE9UcERSRVZHUjBoSlNsTlVWVlpYV0ZsYVkyUmxabWRvYVdwemRIVjJkM2g1ZW9LRGhJV0doNGlKaXBLVGxKV1dsNWlabXFLanBLV21wNmlwcXJLenRMVzJ0N2k1dXNMRHhNWEd4OGpKeXRMVDFOWFcxOWpaMnVMajVPWG01K2pwNnZMejlQWDI5L2o1K3YvYUFBd0RBUUFDRVFNUkFEOEFxSHdSY0R2VUwrQ3JyMHIwM3pvNHh1a09GRlNRWHVuM0oycE11ZnJTVFlIbExlRGJzZGpVTCtFcnRmNFQrVmV5TmJMdDNMaGg3VlhLUm5xb281bUZqTnVXRTFpK0QxRmNYRFlTK1ZQTkhNeXNoSjYxcjZOck1OMWErUzdqY1Jpcy9VSkxqVEk1L2tMUnVEZ2lycHlTZW9PTjlCM2hQeEZxRnhOTkJMSVdWRGptdTJqa0xLQ2V0ZWJlQ0FYbW5rSUkzTlhvcU5oUlV6M0E4Ymdra3QzRWtiSGl1czByWG9ycVA3UGRnTXA0NXJtSTBHL0hhcTEweHQ1VmVNNE9hbERaNmZhV1ZuYkRmYUFZYm5BclE4ekFyanRBdjVqNVlKeURYV1NqQUJIZWsyRmovOWs9Ij4KCTwvaW1hZ2U+Cjwvc3ZnPg==""}}",1,2024-05-30 20:40:48,2024-05-30 20:40:48
20,App\Models\Achievement,20,b2593387-6157-40b2-a8c8-3e038a8fc195,illustration,mousiquaire_chatiere_2,mousiquaire_chatiere_2.jpg,image/jpeg,media,media,502642,[],[],[],"{""media_library_original"":{""urls"":[""mousiquaire_chatiere_2___media_library_original_1071_1500.jpg"",""mousiquaire_chatiere_2___media_library_original_896_1255.jpg"",""mousiquaire_chatiere_2___media_library_original_749_1049.jpg"",""mousiquaire_chatiere_2___media_library_original_627_878.jpg"",""mousiquaire_chatiere_2___media_library_original_524_734.jpg"",""mousiquaire_chatiere_2___media_library_original_439_615.jpg"",""mousiquaire_chatiere_2___media_library_original_367_514.jpg"",""mousiquaire_chatiere_2___media_library_original_307_430.jpg"",""mousiquaire_chatiere_2___media_library_original_257_360.jpg"",""mousiquaire_chatiere_2___media_library_original_215_301.jpg"",""mousiquaire_chatiere_2___media_library_original_180_252.jpg""],""base64svg"":""data:image\/svg+xml;base64,PCFET0NUWVBFIHN2ZyBQVUJMSUMgIi0vL1czQy8vRFREIFNWRyAxLjEvL0VOIiAiaHR0cDovL3d3dy53My5vcmcvR3JhcGhpY3MvU1ZHLzEuMS9EVEQvc3ZnMTEuZHRkIj4KPHN2ZyB2ZXJzaW9uPSIxLjEiIHhtbG5zPSJodHRwOi8vd3d3LnczLm9yZy8yMDAwL3N2ZyIgeG1sbnM6eGxpbms9Imh0dHA6Ly93d3cudzMub3JnLzE5OTkveGxpbmsiIHhtbDpzcGFjZT0icHJlc2VydmUiIHg9IjAiCiB5PSIwIiB2aWV3Qm94PSIwIDAgMTA3MSAxNTAwIj4KCTxpbWFnZSB3aWR0aD0iMTA3MSIgaGVpZ2h0PSIxNTAwIiB4bGluazpocmVmPSJkYXRhOmltYWdlL2pwZWc7YmFzZTY0LC85ai80QUFRU2taSlJnQUJBUUVBWUFCZ0FBRC8vZ0ErUTFKRlFWUlBVam9nWjJRdGFuQmxaeUIyTVM0d0lDaDFjMmx1WnlCSlNrY2dTbEJGUnlCMk9EQXBMQ0JrWldaaGRXeDBJSEYxWVd4cGRIa0svOXNBUXdBSUJnWUhCZ1VJQndjSENRa0lDZ3dVRFF3TEN3d1pFaE1QRkIwYUh4NGRHaHdjSUNRdUp5QWlMQ01jSENnM0tTd3dNVFEwTkI4bk9UMDRNand1TXpReS85c0FRd0VKQ1FrTUN3d1lEUTBZTWlFY0lUSXlNakl5TWpJeU1qSXlNakl5TWpJeU1qSXlNakl5TWpJeU1qSXlNakl5TWpJeU1qSXlNakl5TWpJeU1qSXlNakl5LzhBQUVRZ0FMUUFnQXdFaUFBSVJBUU1SQWYvRUFCOEFBQUVGQVFFQkFRRUJBQUFBQUFBQUFBQUJBZ01FQlFZSENBa0tDLy9FQUxVUUFBSUJBd01DQkFNRkJRUUVBQUFCZlFFQ0F3QUVFUVVTSVRGQkJoTlJZUWNpY1JReWdaR2hDQ05Dc2NFVlV0SHdKRE5pY29JSkNoWVhHQmthSlNZbktDa3FORFUyTnpnNU9rTkVSVVpIU0VsS1UxUlZWbGRZV1ZwalpHVm1aMmhwYW5OMGRYWjNlSGw2ZzRTRmhvZUlpWXFTazVTVmxwZVltWnFpbzZTbHBxZW9xYXF5czdTMXRyZTR1YnJDdzhURnhzZkl5Y3JTMDlUVjF0ZlkyZHJoNHVQazVlYm42T25xOGZMejlQWDI5L2o1K3YvRUFCOEJBQU1CQVFFQkFRRUJBUUVBQUFBQUFBQUJBZ01FQlFZSENBa0tDLy9FQUxVUkFBSUJBZ1FFQXdRSEJRUUVBQUVDZHdBQkFnTVJCQVVoTVFZU1FWRUhZWEVUSWpLQkNCUkNrYUd4d1Frak0xTHdGV0p5MFFvV0pEVGhKZkVYR0JrYUppY29LU28xTmpjNE9UcERSRVZHUjBoSlNsTlVWVlpYV0ZsYVkyUmxabWRvYVdwemRIVjJkM2g1ZW9LRGhJV0doNGlKaXBLVGxKV1dsNWlabXFLanBLV21wNmlwcXJLenRMVzJ0N2k1dXNMRHhNWEd4OGpKeXRMVDFOWFcxOWpaMnVMajVPWG01K2pwNnZMejlQWDI5L2o1K3YvYUFBd0RBUUFDRVFNUkFEOEFmQy9sSThtTTdSbXVZbThkUEZjT25sajVUaXVtQ1l0WnY5MDE1RmZnalVKZjk0MXowSXByVTY4UkpxV2gzMWw0MGE4dWtoOHI3eHhYUlhDN3NFY1pGZWJlRm9SSnEwWDFyMDI3WGE0K2xLdWtsb0dIYmJkeUlrQzNsLzNUWGtXcHNQN1FsQUg4UnIxVzB1QTZ2dUdSaXVhdXJmVG51WExRYzVxOE9tMFRpV2xKR2Y0TGozYW1oOURYb2w2Y3Z4WFBhQWxqRGRaaWp3YTM1RHZrSnFNU3JXTHdtdHlEU0xlT1c0VkQwUEZiR28rR3RPdHdybE1scTR2UzlRbWlJWlR5SzZJNjNjenFva3djVlZGOG1qSXIrKzB6WGc4TldVRnFicU1ZT00xbFpBa1AxcWM2MWN0YW1MZ0xpcUt1U00xblhkelRETGx1ai8vWiI+Cgk8L2ltYWdlPgo8L3N2Zz4=""}}",1,2024-05-30 20:40:48,2024-05-30 20:40:49
21,App\Models\Achievement,21,59d1b84d-a541-48c0-a4df-a1745a1c4793,illustration,moustiquaire_2_last,moustiquaire_2_last.jpg,image/jpeg,media,media,512370,[],[],[],"{""media_library_original"":{""urls"":[""moustiquaire_2_last___media_library_original_1071_1500.jpg"",""moustiquaire_2_last___media_library_original_896_1255.jpg"",""moustiquaire_2_last___media_library_original_749_1049.jpg"",""moustiquaire_2_last___media_library_original_627_878.jpg"",""moustiquaire_2_last___media_library_original_524_734.jpg"",""moustiquaire_2_last___media_library_original_439_615.jpg"",""moustiquaire_2_last___media_library_original_367_514.jpg"",""moustiquaire_2_last___media_library_original_307_430.jpg"",""moustiquaire_2_last___media_library_original_257_360.jpg"",""moustiquaire_2_last___media_library_original_215_301.jpg"",""moustiquaire_2_last___media_library_original_180_252.jpg""],""base64svg"":""data:image\/svg+xml;base64,PCFET0NUWVBFIHN2ZyBQVUJMSUMgIi0vL1czQy8vRFREIFNWRyAxLjEvL0VOIiAiaHR0cDovL3d3dy53My5vcmcvR3JhcGhpY3MvU1ZHLzEuMS9EVEQvc3ZnMTEuZHRkIj4KPHN2ZyB2ZXJzaW9uPSIxLjEiIHhtbG5zPSJodHRwOi8vd3d3LnczLm9yZy8yMDAwL3N2ZyIgeG1sbnM6eGxpbms9Imh0dHA6Ly93d3cudzMub3JnLzE5OTkveGxpbmsiIHhtbDpzcGFjZT0icHJlc2VydmUiIHg9IjAiCiB5PSIwIiB2aWV3Qm94PSIwIDAgMTA3MSAxNTAwIj4KCTxpbWFnZSB3aWR0aD0iMTA3MSIgaGVpZ2h0PSIxNTAwIiB4bGluazpocmVmPSJkYXRhOmltYWdlL2pwZWc7YmFzZTY0LC85ai80QUFRU2taSlJnQUJBUUVBWUFCZ0FBRC8vZ0ErUTFKRlFWUlBVam9nWjJRdGFuQmxaeUIyTVM0d0lDaDFjMmx1WnlCSlNrY2dTbEJGUnlCMk9EQXBMQ0JrWldaaGRXeDBJSEYxWVd4cGRIa0svOXNBUXdBSUJnWUhCZ1VJQndjSENRa0lDZ3dVRFF3TEN3d1pFaE1QRkIwYUh4NGRHaHdjSUNRdUp5QWlMQ01jSENnM0tTd3dNVFEwTkI4bk9UMDRNand1TXpReS85c0FRd0VKQ1FrTUN3d1lEUTBZTWlFY0lUSXlNakl5TWpJeU1qSXlNakl5TWpJeU1qSXlNakl5TWpJeU1qSXlNakl5TWpJeU1qSXlNakl5TWpJeU1qSXlNakl5LzhBQUVRZ0FMUUFnQXdFaUFBSVJBUU1SQWYvRUFCOEFBQUVGQVFFQkFRRUJBQUFBQUFBQUFBQUJBZ01FQlFZSENBa0tDLy9FQUxVUUFBSUJBd01DQkFNRkJRUUVBQUFCZlFFQ0F3QUVFUVVTSVRGQkJoTlJZUWNpY1JReWdaR2hDQ05Dc2NFVlV0SHdKRE5pY29JSkNoWVhHQmthSlNZbktDa3FORFUyTnpnNU9rTkVSVVpIU0VsS1UxUlZWbGRZV1ZwalpHVm1aMmhwYW5OMGRYWjNlSGw2ZzRTRmhvZUlpWXFTazVTVmxwZVltWnFpbzZTbHBxZW9xYXF5czdTMXRyZTR1YnJDdzhURnhzZkl5Y3JTMDlUVjF0ZlkyZHJoNHVQazVlYm42T25xOGZMejlQWDI5L2o1K3YvRUFCOEJBQU1CQVFFQkFRRUJBUUVBQUFBQUFBQUJBZ01FQlFZSENBa0tDLy9FQUxVUkFBSUJBZ1FFQXdRSEJRUUVBQUVDZHdBQkFnTVJCQVVoTVFZU1FWRUhZWEVUSWpLQkNCUkNrYUd4d1Frak0xTHdGV0p5MFFvV0pEVGhKZkVYR0JrYUppY29LU28xTmpjNE9UcERSRVZHUjBoSlNsTlVWVlpYV0ZsYVkyUmxabWRvYVdwemRIVjJkM2g1ZW9LRGhJV0doNGlKaXBLVGxKV1dsNWlabXFLanBLV21wNmlwcXJLenRMVzJ0N2k1dXNMRHhNWEd4OGpKeXRMVDFOWFcxOWpaMnVMajVPWG01K2pwNnZMejlQWDI5L2o1K3YvYUFBd0RBUUFDRVFNUkFEOEE1Q1NjR3FrMHdJTlZXKzBuL2xrMzVVMXJhOEtidkpmSDBwaGMwdEFiZHJjSCs4SzlmMUd4YTlrdDB6OHUwVjQvNGF0Ym9hMUF6Uk1CdUhVVjd2QW9NME9leWlwbnFocG1WL3dqTnNPa0NIOEtkL1lNYWpIMlZTUHBYTFIrSjcrSHE1TlhJZkhFOGVONjVwOGpKNWtieWFXa0Rxd3RWWEI2NHJUaDV1VjloV0haK01JOVFkWVN1R05iMXNOMXpuMnFXbXR5a2VZeVJESFNxY3NJclVrRlZKUUszTTdEL0Q4WC9FMmordGVvMnd4Y2ZoWG0vaDVSL2EwZjFyMG0zLzQrRDlLeHFzdUIvOWs9Ij4KCTwvaW1hZ2U+Cjwvc3ZnPg==""}}",1,2024-05-30 20:40:49,2024-05-30 20:40:50
22,App\Models\Achievement,22,d629dca8-a90d-4a10-8e70-52570d8dae42,illustration,porto_chassis_6,porto_chassis_6.jpg,image/jpeg,media,media,2544292,[],[],[],[],1,2024-05-30 20:40:50,2024-05-30 20:40:50
